Source,Destination
ADAR,ADAL
ADFL,ADAL
ASHL,ADAL
AVDR,ADAL
PVQL,ADAL
ADEL,ADAL
ADFL,ADAL
AIAL,ADAL
AIBL,ADAL
AIBR,ADAL
ASHL,ADAL
AVAR,ADAL
AVBL,ADAL
AVBR,ADAL
AVBR,ADAL
AVDL,ADAL
AVEL,ADAL
AVJR,ADAL
AWAL,ADAL
FLPR,ADAL
PVPL,ADAL
PVR,ADAL
RICL,ADAL
RICL,ADAL
RICR,ADAL
RIML,ADAL
RIPL,ADAL
RMGL,ADAL
SMDVR,ADAL
ADAL,ADAR
ADFR,ADAR
ASHR,ADAR
AVDL,ADAR
PVQR,ADAR
ADER,ADAR
ADFR,ADAR
AIAR,ADAR
AIBL,ADAR
AIBR,ADAR
ASHR,ADAR
AVAL,ADAR
AVBL,ADAR
AVBL,ADAR
AVBR,ADAR
AVEL,ADAR
AVJL,ADAR
AVJL,ADAR
RICL,ADAR
RICL,ADAR
RICR,ADAR
RIMR,ADAR
RIMR,ADAR
RIPR,ADAR
RIVR,ADAR
RMGR,ADAR
SMDVL,ADAR
URBR,ADAR
ADAL,ADEL
AINL,ADEL
AVKR,ADEL
ADER,ADEL
ADER,ADEL
ALA,ADEL
AVAL,ADEL
AVAR,ADEL
AVEL,ADEL
AVL,ADEL
BDUL,ADEL
BDUL,ADEL
CEPDL,ADEL
FLPL,ADEL
FLPL,ADEL
FLPL,ADEL
IL1L,ADEL
IL2L,ADEL
IL2L,ADEL
IL2L,ADEL
OLLL,ADEL
OLLL,ADEL
RIAL,ADEL
RIFL,ADEL
RIGL,ADEL
RIGL,ADEL
RIGR,ADEL
RIGR,ADEL
RIH,ADEL
RIVL,ADEL
RIVR,ADEL
RMDL,ADEL
RMDL,ADEL
RMGL,ADEL
RMHL,ADEL
SIADR,ADEL
SIBDR,ADEL
SMBDR,ADEL
URBL,ADEL
ADAR,ADER
ADEL,ADER
ADEL,ADER
AVKL,ADER
ALA,ADER
ALNR,ADER
AVAL,ADER
AVAL,ADER
AVAR,ADER
AVAR,ADER
AVDR,ADER
AVER,ADER
AVJR,ADER
AVKL,ADER
AVKL,ADER
AVKR,ADER
AVM,ADER
AVM,ADER
BDUR,ADER
CEPDR,ADER
FLPL,ADER
FLPL,ADER
FLPR,ADER
FLPR,ADER
FLPR,ADER
IL2R,ADER
IL2R,ADER
OLLR,ADER
PVR,ADER
RIGL,ADER
RIGL,ADER
RIGR,ADER
RIH,ADER
RMDR,ADER
SAAVR,ADER
ADAL,ADFL
ADAL,ADFL
AIZL,ADFL
AIZL,ADFL
ASHL,ADFL
AUAL,ADFL
AUAL,ADFL
AWBL,ADFL
AWBL,ADFL
OLQVL,ADFL
RIAL,ADFL
RIAL,ADFL
RIGL,ADFL
RIR,ADFL
SMBVL,ADFL
ADAR,ADFR
ADAR,ADFR
AIAR,ADFR
AIYR,ADFR
AIYR,ADFR
AIZR,ADFR
AIZR,ADFR
ASEL,ADFR
ASHR,ADFR
ASHR,ADFR
AUAR,ADFR
AVHL,ADFR
AWAR,ADFR
AWBR,ADFR
AWBR,ADFR
AWBR,ADFR
PVPR,ADFR
PVPR,ADFR
RIAR,ADFR
RIAR,ADFR
RIGR,ADFR
RIGR,ADFR
RIH,ADFR
RIR,ADFR
SMBDR,ADFR
SMBVR,ADFR
URXR,ADFR
ADLR,ADLL
AVDR,ADLL
OLQVL,ADLL
RMGL,ADLL
AIAL,ADLL
AIAL,ADLL
AIBL,ADLL
AIBL,ADLL
AIBR,ADLL
ALA,ADLL
ASER,ADLL
ASER,ADLL
ASHL,ADLL
AVAL,ADLL
AVAR,ADLL
AVBL,ADLL
AVBL,ADLL
AVDL,ADLL
AVDR,ADLL
AVHR,ADLL
AVJL,ADLL
AVJR,ADLL
AWBL,ADLL
CEPVL,ADLL
OLQVL,ADLL
RIPL,ADLL
SDQR,ADLL
ADLL,ADLR
AIAR,ADLR
AIAR,ADLR
AIAR,ADLR
AIBR,ADLR
ASER,ADLR
ASHR,ADLR
ASHR,ADLR
AVAR,ADLR
AVBL,ADLR
AVBR,ADLR
AVDL,ADLR
AVDL,ADLR
AVDR,ADLR
AVHR,ADLR
AVJR,ADLR
AVJR,ADLR
AWCR,ADLR
OLLR,ADLR
PVCL,ADLR
PVCL,ADLR
RICL,ADLR
RICR,ADLR
AFDR,AFDL
AIBL,AFDL
AINR,AFDL
AINR,AFDL
AINR,AFDL
AIYL,AFDL
ASER,AFDL
ASER,AFDL
AWAL,AFDL
AWAL,AFDL
AFDL,AFDR
AIBR,AFDR
AINL,AFDR
AINL,AFDR
AINR,AFDR
AIYR,AFDR
AIYR,AFDR
ASER,AFDR
ASER,AFDR
AWAR,AFDR
AWAR,AFDR
RIR,AFDR
ADAL,AIAL
ADLL,AIAL
ADLL,AIAL
AIAR,AIAL
ASIL,AIAL
AWAL,AIAL
AIBL,AIAL
AIBL,AIAL
AIML,AIAL
AIML,AIAL
AIML,AIAL
AINR,AIAL
AIZL,AIAL
AIZL,AIAL
ASEL,AIAL
ASER,AIAL
ASER,AIAL
ASER,AIAL
ASER,AIAL
ASGL,AIAL
ASGL,AIAL
ASGL,AIAL
ASHL,AIAL
ASHL,AIAL
ASHL,AIAL
ASIR,AIAL
ASKL,AIAL
ASKL,AIAL
ASKL,AIAL
ASKL,AIAL
AWCL,AIAL
AWCR,AIAL
HSNL,AIAL
HSNL,AIAL
PVQL,AIAL
PVQL,AIAL
RIFL,AIAL
RMGL,AIAL
ADAR,AIAR
ADLR,AIAR
ADLR,AIAR
ADLR,AIAR
ADFR,AIAR
AIAL,AIAR
ASIR,AIAR
AWAR,AIAR
AIBR,AIAR
AIBR,AIAR
AIMR,AIAR
AIZR,AIAR
AIZR,AIAR
ASER,AIAR
ASER,AIAR
ASER,AIAR
ASGR,AIAR
ASGR,AIAR
ASGR,AIAR
ASGR,AIAR
ASHR,AIAR
ASHR,AIAR
ASIR,AIAR
ASIR,AIAR
ASKR,AIAR
ASKR,AIAR
AWAR,AIAR
AWCL,AIAR
AWCL,AIAR
AWCL,AIAR
AWCR,AIAR
AWCR,AIAR
AWCR,AIAR
AWCR,AIAR
PVQR,AIAR
PVQR,AIAR
RIFR,AIAR
ADAL,AIBL
ADAR,AIBL
ADLL,AIBL
ADLL,AIBL
AIAL,AIBL
AIAL,AIBL
AFDL,AIBL
DVC,AIBL
PVT,AIBL
RIGR,AIBL
RIMR,AIBL
RIVL,AIBL
AINR,AIBL
AIYL,AIBL
AIZL,AIBL
AIZL,AIBL
AIZR,AIBL
AIZR,AIBL
ASEL,AIBL
ASEL,AIBL
ASER,AIBL
ASER,AIBL
ASGL,AIBL
ASHL,AIBL
ASHL,AIBL
ASIL,AIBL
ASKL,AIBL
AVAL,AIBL
AVBL,AIBL
AVBL,AIBL
AWCL,AIBL
AWCL,AIBL
BAGL,AIBL
DVC,AIBL
FLPL,AIBL
FLPL,AIBL
FLPL,AIBL
HSNR,AIBL
PVT,AIBL
RIBR,AIBL
RIBR,AIBL
RIBR,AIBL
RIBR,AIBL
RIFL,AIBL
RIGR,AIBL
RIML,AIBL
RIMR,AIBL
RIMR,AIBL
RIMR,AIBL
SAADL,AIBL
SAADL,AIBL
SAADR,AIBL
SAAVL,AIBL
SDQR,AIBL
SMDDR,AIBL
ADAL,AIBR
ADAR,AIBR
ADLL,AIBR
ADLR,AIBR
AIAR,AIBR
AIAR,AIBR
AFDR,AIBR
DB01,AIBR
DVC,AIBR
PVT,AIBR
RIGL,AIBR
RIML,AIBR
RIS,AIBR
RIVR,AIBR
AIZL,AIBR
AIZL,AIBR
AIZR,AIBR
ASEL,AIBR
ASEL,AIBR
ASER,AIBR
ASER,AIBR
ASGR,AIBR
ASHR,AIBR
ASHR,AIBR
ASIR,AIBR
AVAR,AIBR
AVBR,AIBR
AVEL,AIBR
AWBL,AIBR
AWCL,AIBR
AWCR,AIBR
DVC,AIBR
FLPL,AIBR
FLPR,AIBR
HSNR,AIBR
PVT,AIBR
RIAL,AIBR
RIBL,AIBR
RIBL,AIBR
RIML,AIBR
RIML,AIBR
RIMR,AIBR
RMGL,AIBR
SAADL,AIBR
SAADR,AIBR
SDQL,AIBR
SMDDL,AIBR
SMDDL,AIBR
SMDVL,AIBR
VB01,AIBR
VB01,AIBR
AIAL,AIML
AIAL,AIML
AIAL,AIML
SIBDR,AIML
ALML,AIML
ASGL,AIML
ASKL,AIML
ASKL,AIML
AVBR,AIML
AVDL,AIML
AVDR,AIML
AVER,AIML
AVFL,AIML
AVFL,AIML
AVFR,AIML
AVHL,AIML
AVHR,AIML
AVJL,AIML
PVQL,AIML
RIFL,AIML
SMBVL,AIML
AIAR,AIMR
ASGR,AIMR
ASJR,AIMR
ASKR,AIMR
ASKR,AIMR
AVDR,AIMR
AVFL,AIMR
AVFL,AIMR
AVFR,AIMR
AVFR,AIMR
HSNL,AIMR
HSNR,AIMR
OLQDR,AIMR
PVNR,AIMR
RIFR,AIMR
RMGR,AIMR
RMGR,AIMR
RMGR,AIMR
AFDR,AINL
AFDR,AINL
ADEL,AINL
AINR,AINL
ASGR,AINL
AUAR,AINL
ASEL,AINL
ASEL,AINL
ASGR,AINL
AUAR,AINL
BAGL,AINL
RIBL,AINL
RIBR,AINL
AFDL,AINR
AFDL,AINR
AFDL,AINR
AFDR,AINR
AIAL,AINR
AIBL,AINR
AINL,AINR
ASGL,AINR
AUAL,AINR
ASEL,AINR
ASER,AINR
ASER,AINR
ASGL,AINR
AUAR,AINR
BAGR,AINR
RIBL,AINR
RID,AINR
AFDL,AIYL
AIBL,AIYL
AIYR,AIYL
RIML,AIYL
AIZL,AIYL
AIZL,AIYL
ASEL,AIYL
ASEL,AIYL
ASER,AIYL
ASER,AIYL
ASIL,AIYL
AWAL,AIYL
AWAL,AIYL
AWCL,AIYL
AWCL,AIYL
AWCL,AIYL
AWCR,AIYL
AWCR,AIYL
AWCR,AIYL
BAGR,AIYL
HSNR,AIYL
RIAL,AIYL
RIAL,AIYL
RIBL,AIYL
ADFR,AIYR
ADFR,AIYR
AFDR,AIYR
AFDR,AIYR
AIYL,AIYR
RIMR,AIYR
AIZR,AIYR
ASEL,AIYR
ASEL,AIYR
ASER,AIYR
ASER,AIYR
ASGR,AIYR
AUAR,AIYR
AWAR,AIYR
AWAR,AIYR
AWCR,AIYR
AWCR,AIYR
HSNL,AIYR
RIAR,AIYR
RIBR,AIYR
ADFL,AIZL
ADFL,AIZL
AIAL,AIZL
AIAL,AIZL
AIBL,AIZL
AIBL,AIZL
AIBR,AIZL
AIBR,AIZL
AIYL,AIZL
AIYL,AIZL
AIZR,AIZL
ASGL,AIZL
ASHL,AIZL
ASEL,AIZL
ASIL,AIZL
AVER,AIZL
AWAL,AIZL
AWAL,AIZL
AWBL,AIZL
AWBL,AIZL
DVA,AIZL
DVA,AIZL
HSNL,AIZL
HSNR,AIZL
RIAL,AIZL
RIAL,AIZL
RIGL,AIZL
RIH,AIZL
RIML,AIZL
RIR,AIZL
RIR,AIZL
SMBDL,AIZL
SMBDL,AIZL
SMBVL,AIZL
VB02,AIZL
ADFR,AIZR
ADFR,AIZR
AIAR,AIZR
AIAR,AIZR
AIBL,AIZR
AIBL,AIZR
AIBR,AIZR
AIYR,AIZR
AIZL,AIZR
ASGR,AIZR
ASHR,AIZR
AWAR,AIZR
AVEL,AIZR
AVER,AIZR
AVER,AIZR
AWAR,AIZR
AWAR,AIZR
AWBR,AIZR
AWBR,AIZR
DVA,AIZR
DVA,AIZR
HSNL,AIZR
HSNR,AIZR
RIAR,AIZR
RIAR,AIZR
RIBR,AIZR
RIGL,AIZR
RIH,AIZR
RIMR,AIZR
RIMR,AIZR
RIR,AIZR
RIR,AIZR
SMBDR,AIZR
SMBVR,AIZR
SMDDR,AIZR
ADEL,ALA
ADER,ALA
ADLL,ALA
RID,ALA
AVAL,ALA
AVEL,ALA
AVER,ALA
AVER,ALA
RMDR,ALA
AIML,ALML
AVM,ALML
PVR,ALML
AVDR,ALML
AVEL,ALML
BDUL,ALML
BDUL,ALML
CEPDL,ALML
CEPVL,ALML
PVCL,ALML
PVCL,ALML
PVCR,ALML
PVCR,ALML
RIFL,ALML
RMDDR,ALML
RMGL,ALML
RMGL,ALML
SDQL,ALML
SDQL,ALML
AVM,ALMR
BDUR,ALMR
BDUR,ALMR
CEPDR,ALMR
CEPVR,ALMR
PVCR,ALMR
RMDDL,ALMR
SIADL,ALMR
SMBDR,ALNL
RIGL,ALNL
RMGL,ALNL
SAAVL,ALNL
SAAVL,ALNL
SMBDR,ALNL
SMDVL,ALNL
ADER,ALNR
RIGR,ALNR
RMGR,ALNR
RMHR,ALNR
SAAVR,ALNR
SMBDL,ALNR
SMDDR,ALNR
SMDVL,ALNR
AVBL,AQR
AVKL,AQR
AVKR,AQR
PVPL,AQR
PVPR,AQR
RIGL,AQR
RIGR,AQR
AVAL,AQR
AVAL,AQR
AVAR,AQR
AVAR,AQR
AVBL,AQR
AVBL,AQR
AVBR,AQR
AVDL,AQR
AVDR,AQR
AVHR,AQR
AVJL,AQR
BAGL,AQR
BAGR,AQR
DVA,AQR
DVA,AQR
PVCR,AQR
PVCR,AQR
PVPL,AQR
PVPL,AQR
PVPR,AQR
RIAL,AQR
RIAL,AQR
RIAR,AQR
RIAR,AQR
URXL,AQR
AVAL,AS01
AVAR,AS01
VA03,AS01
VD02,AS01
AVAR,AS01
AVBR,AS01
AVDL,AS01
AVEL,AS01
AVER,AS01
AVER,AS01
DA01,AS01
DB01,AS01
PVCL,AS01
VD01,AS01
VD01,AS01
DA02,AS02
VA04,AS02
AVAL,AS02
AVAR,AS02
AVER,AS02
DB01,AS02
DB01,AS02
DD01,AS02
PVCR,AS02
RID,AS02
VD02,AS02
VD02,AS02
AVAL,AS03
AVAR,AS03
DA02,AS03
VA05,AS03
AVAL,AS03
AVAR,AS03
AVBL,AS03
AVBR,AS03
AVER,AS03
DA03,AS03
DB01,AS03
DD01,AS03
VD02,AS03
VD03,AS03
VD03,AS03
DA03,AS04
AS05,AS04
AVAL,AS04
AVAR,AS04
AVBL,AS04
AVBR,AS04
AVDL,AS04
DA03,AS04
DB03,AS04
VD04,AS04
VD04,AS04
AS04,AS05
AVAL,AS05
AVAR,AS05
VA07,AS05
AVAL,AS05
AVAR,AS05
AVBL,AS05
AVBR,AS05
AVDL,AS05
AVDR,AS05
DB03,AS05
DD02,AS05
HSNR,AS05
VD05,AS05
VD05,AS05
AVAL,AS06
AVAR,AS06
AVBR,AS06
DA05,AS06
VA08,AS06
AVAR,AS06
AVBL,AS06
AVBR,AS06
PLMR,AS06
PVR,AS06
VD06,AS06
VD06,AS06
AVAL,AS07
AVAR,AS07
AVBL,AS07
AVBR,AS07
AVAL,AS07
AVAR,AS07
AVBR,AS07
AVAL,AS08
AVAR,AS08
AVAL,AS08
AVAR,AS08
AVAL,AS09
AVAR,AS09
DVB,AS09
AVAL,AS09
AVAR,AS09
AVAR,AS09
AVBL,AS09
AVAL,AS10
AVAR,AS10
AVAL,AS10
AVAR,AS10
AVBL,AS10
AVBR,AS10
AVDL,AS10
AVDR,AS10
PDB,AS11
AVAL,AS11
AVAR,AS11
AVDL,AS11
PDA,AS11
PDA,AS11
PDB,AS11
VA12,AS11
VD13,AS11
ADFR,ASEL
AIAL,ASEL
AIBL,ASEL
AIBL,ASEL
AIBR,ASEL
AIBR,ASEL
AINL,ASEL
AINL,ASEL
AINR,ASEL
AIYL,ASEL
AIYL,ASEL
AIYR,ASEL
AIYR,ASEL
AIZL,ASEL
ASIR,ASEL
AWAL,ASEL
AWAR,ASEL
AWCL,ASEL
AWCL,ASEL
AWCR,ASEL
AWCR,ASEL
RIAR,ASEL
ADLL,ASER
ADLL,ASER
ADLR,ASER
AFDL,ASER
AFDL,ASER
AFDR,ASER
AFDR,ASER
AIAL,ASER
AIAL,ASER
AIAL,ASER
AIAL,ASER
AIAR,ASER
AIAR,ASER
AIAR,ASER
AIBL,ASER
AIBL,ASER
AIBR,ASER
AIBR,ASER
AINR,ASER
AINR,ASER
AIYL,ASER
AIYL,ASER
AIYR,ASER
AIYR,ASER
ASIL,ASER
AWAR,ASER
AWAR,ASER
AWCL,ASER
AWCR,ASER
PVQR,ASER
AIAL,ASGL
AIAL,ASGL
AIAL,ASGL
AIBL,ASGL
AIML,ASGL
AINR,ASGL
AINR,ASGL
AIZL,ASGL
ASKL,ASGL
AWAL,ASGL
AIAR,ASGR
AIAR,ASGR
AIAR,ASGR
AIAR,ASGR
AIBR,ASGR
AIMR,ASGR
AINL,ASGR
AIYR,ASGR
AINL,ASGR
AIZR,ASGR
AWBR,ASGR
AWCR,ASGR
CEPVR,ASGR
ADAL,ASHL
ADFL,ASHL
ADLL,ASHL
AIAL,ASHL
AIAL,ASHL
AIAL,ASHL
AIBL,ASHL
AIBL,ASHL
ADAL,ASHL
AIZL,ASHL
ASHR,ASHL
RICL,ASHL
RMGL,ASHL
ASKL,ASHL
AVAL,ASHL
AVBL,ASHL
AVDL,ASHL
AVDR,ASHL
AVDR,ASHL
HSNL,ASHL
HSNR,ASHL
RIAL,ASHL
RIML,ASHL
RIPL,ASHL
RMGL,ASHL
URXL,ASHL
ADAR,ASHR
ADFR,ASHR
ADFR,ASHR
ADLR,ASHR
ADLR,ASHR
AIAR,ASHR
AIAR,ASHR
AIBR,ASHR
AIBR,ASHR
ADAR,ASHR
AIZR,ASHR
ASHL,ASHR
ASKR,ASHR
RICR,ASHR
RMGR,ASHR
ASIR,ASHR
AVAR,ASHR
AVAR,ASHR
AVBR,ASHR
AVDL,ASHR
AVDL,ASHR
AVDR,ASHR
AVER,ASHR
AWBR,ASHR
HSNL,ASHR
HSNR,ASHR
PVPR,ASHR
PVPR,ASHR
RIAR,ASHR
RIFR,ASHR
RMGR,ASHR
RMGR,ASHR
AIBL,ASIL
AIYL,ASIL
AIZL,ASIL
ASER,ASIL
AIAL,ASIL
ASIR,ASIL
ASKL,ASIL
AWCL,ASIL
AWCL,ASIL
AWCR,ASIL
AWCR,ASIL
RIBL,ASIL
AIAL,ASIR
AIAR,ASIR
AIAR,ASIR
AIBR,ASIR
ASEL,ASIR
ASHR,ASIR
AIAR,ASIR
ASIL,ASIR
AWCL,ASIR
AWCR,ASIR
AWCR,ASIR
ASJR,ASJL
ASKL,ASJL
AVFR,ASJL
HSNL,ASJL
HSNR,ASJL
PVQL,ASJL
PVQL,ASJL
PVQL,ASJL
AIMR,ASJR
ASJL,ASJR
ASKR,ASJR
ASKR,ASJR
HSNL,ASJR
HSNR,ASJR
PVQR,ASJR
PVQR,ASJR
AIAL,ASKL
AIAL,ASKL
AIAL,ASKL
AIAL,ASKL
AIBL,ASKL
AIML,ASKL
AIML,ASKL
ASGL,ASKL
ASHL,ASKL
ASIL,ASKL
ASJL,ASKL
ASKR,ASKL
PVQL,ASKL
RMGL,ASKL
AVFR,ASKL
HSNL,ASKL
PVQL,ASKL
AIAR,ASKR
AIAR,ASKR
AIMR,ASKR
AIMR,ASKR
ASJR,ASKR
ASJR,ASKR
ASHR,ASKR
ASKL,ASKR
PVQR,ASKR
RMGR,ASKR
AWAR,ASKR
CEPVR,ASKR
PVQR,ASKR
RIFR,ASKR
ADFL,AUAL
ADFL,AUAL
AINR,AUAL
AUAR,AUAL
AWBL,AUAL
AVAL,AUAL
AVAL,AUAL
AVDR,AUAL
AVEL,AUAL
DVA,AUAL
IL2DL,AUAL
RIAL,AUAL
RIBL,AUAL
RIBL,AUAL
RIBL,AUAL
RIR,AUAL
URXL,AUAL
URXL,AUAL
ADFR,AUAR
AINL,AUAR
AINR,AUAR
AIYR,AUAR
AINL,AUAR
AUAL,AUAR
AWBR,AUAR
AVAR,AUAR
AVER,AUAR
AVER,AUAR
AWAR,AUAR
DVA,AUAR
RIAR,AUAR
RIAR,AUAR
RIBR,AUAR
RIBR,AUAR
RIH,AUAR
URXR,AUAR
URXR,AUAR
URXR,AUAR
ADAR,AVAL
ADEL,AVAL
ADER,AVAL
ADER,AVAL
ADLL,AVAL
AIBL,AVAL
ALA,AVAL
AQR,AVAL
AQR,AVAL
AS02,AVAL
AS03,AVAL
AS04,AVAL
AS05,AVAL
AS07,AVAL
AS07,AVAL
AS08,AVAL
AS09,AVAL
AS10,AVAL
AS11,AVAL
ASHL,AVAL
AUAL,AVAL
AUAL,AVAL
AS01,AVAL
AS03,AVAL
AS05,AVAL
AS06,AVAL
AS07,AVAL
AS08,AVAL
AS09,AVAL
AS10,AVAL
AVAR,AVAL
AVJL,AVAL
DA01,AVAL
DA02,AVAL
DA04,AVAL
DA05,AVAL
DA06,AVAL
DA07,AVAL
DB06,AVAL
FLPL,AVAL
LUAL,AVAL
PVCL,AVAL
PVCR,AVAL
PVPL,AVAL
RIMR,AVAL
SABD,AVAL
SABVR,AVAL
SDQR,AVAL
URYDL,AVAL
URYVR,AVAL
VA01,AVAL
VA02,AVAL
VA03,AVAL
VA04,AVAL
VA05,AVAL
VA06,AVAL
VA07,AVAL
VA08,AVAL
VA09,AVAL
VA10,AVAL
VA11,AVAL
VB09,AVAL
AVAR,AVAL
AVAR,AVAL
AVBL,AVAL
AVBL,AVAL
AVBR,AVAL
AVBR,AVAL
AVBR,AVAL
AVDL,AVAL
AVDL,AVAL
AVDL,AVAL
AVDR,AVAL
AVDR,AVAL
AVEL,AVAL
AVEL,AVAL
AVER,AVAL
AVER,AVAL
AVHL,AVAL
AVJR,AVAL
AWCL,AVAL
BAGR,AVAL
BAGR,AVAL
BDUR,AVAL
DA01,AVAL
DA01,AVAL
DA02,AVAL
DA02,AVAL
DA03,AVAL
DA03,AVAL
DA04,AVAL
DA04,AVAL
DA05,AVAL
DA05,AVAL
DA06,AVAL
DA07,AVAL
DA08,AVAL
DA09,AVAL
DA09,AVAL
DB05,AVAL
DB05,AVAL
DB06,AVAL
DVA,AVAL
DVC,AVAL
FLPL,AVAL
FLPL,AVAL
FLPR,AVAL
FLPR,AVAL
LUAL,AVAL
LUAL,AVAL
LUAR,AVAL
PHBL,AVAL
PHBR,AVAL
PHCL,AVAL
PLMR,AVAL
PLMR,AVAL
PQR,AVAL
PQR,AVAL
PVCL,AVAL
PVCL,AVAL
PVCL,AVAL
PVCL,AVAL
PVCR,AVAL
PVCR,AVAL
PVCR,AVAL
PVCR,AVAL
PVDL,AVAL
PVDR,AVAL
PVNL,AVAL
PVNR,AVAL
PVNR,AVAL
PVPL,AVAL
PVPL,AVAL
PVPR,AVAL
RIBL,AVAL
RIBL,AVAL
RICL,AVAL
RICR,AVAL
RIML,AVAL
RIMR,AVAL
RMGL,AVAL
SAADL,AVAL
SAAVL,AVAL
SAAVL,AVAL
SDQL,AVAL
SDQL,AVAL
SDQR,AVAL
SMBDR,AVAL
URYVR,AVAL
VA02,AVAL
VA02,AVAL
VA03,AVAL
VA04,AVAL
VA05,AVAL
VA06,AVAL
VA08,AVAL
VA08,AVAL
VA09,AVAL
VA10,AVAL
VA11,AVAL
VA12,AVAL
VD06,AVAL
ADAL,AVAR
ADEL,AVAR
ADER,AVAR
ADER,AVAR
ADLL,AVAR
ADLR,AVAR
AIBR,AVAR
AQR,AVAR
AQR,AVAR
AS01,AVAR
AS02,AVAR
AS02,AVAR
AS03,AVAR
AS04,AVAR
AS05,AVAR
AS06,AVAR
AS07,AVAR
AS08,AVAR
AS08,AVAR
AS09,AVAR
AS09,AVAR
AS09,AVAR
AS10,AVAR
AS11,AVAR
ASHR,AVAR
ASHR,AVAR
AUAR,AVAR
AVAL,AVAR
AVAL,AVAR
AS01,AVAR
AS03,AVAR
AS05,AVAR
AS06,AVAR
AS07,AVAR
AS08,AVAR
AS09,AVAR
AS10,AVAR
AVAL,AVAR
DA01,AVAR
DA02,AVAR
DA03,AVAR
DA04,AVAR
DA05,AVAR
DA06,AVAR
DA08,AVAR
DB05,AVAR
PVCR,AVAR
RIML,AVAR
RIMR,AVAR
SABVL,AVAR
SABVR,AVAR
URYDR,AVAR
URYVL,AVAR
VA03,AVAR
VA04,AVAR
VA05,AVAR
VA06,AVAR
VA07,AVAR
VA08,AVAR
VA10,AVAR
VA11,AVAR
VA12,AVAR
VB09,AVAR
AVBL,AVAR
AVBL,AVAR
AVBL,AVAR
AVBR,AVAR
AVBR,AVAR
AVDL,AVAR
AVDL,AVAR
AVDL,AVAR
AVDR,AVAR
AVDR,AVAR
AVDR,AVAR
AVEL,AVAR
AVEL,AVAR
AVEL,AVAR
AVER,AVAR
AVER,AVAR
AVG,AVAR
AVG,AVAR
AVJL,AVAR
AVJR,AVAR
BAGL,AVAR
BAGL,AVAR
DA01,AVAR
DA01,AVAR
DA02,AVAR
DA03,AVAR
DA03,AVAR
DA04,AVAR
DA04,AVAR
DA05,AVAR
DA06,AVAR
DA06,AVAR
DA07,AVAR
DA08,AVAR
DA08,AVAR
DA09,AVAR
DB03,AVAR
DB05,AVAR
DB06,AVAR
DB06,AVAR
DVA,AVAR
DVC,AVAR
FLPL,AVAR
FLPR,AVAR
LUAL,AVAR
LUAL,AVAR
LUAL,AVAR
LUAR,AVAR
LUAR,AVAR
PDEL,AVAR
PDER,AVAR
PHBL,AVAR
PHBR,AVAR
PLMR,AVAR
PQR,AVAR
PQR,AVAR
PVCL,AVAR
PVCL,AVAR
PVCL,AVAR
PVCR,AVAR
PVCR,AVAR
PVDL,AVAR
PVDR,AVAR
PVPL,AVAR
PVPL,AVAR
PVPR,AVAR
PVWR,AVAR
RIBR,AVAR
RICL,AVAR
RICR,AVAR
RIGL,AVAR
RMGR,AVAR
SAADR,AVAR
SAAVR,AVAR
SAAVR,AVAR
SABD,AVAR
SABVL,AVAR
SABVL,AVAR
SDQL,AVAR
SMBDL,AVAR
VA02,AVAR
VA02,AVAR
VA03,AVAR
VA03,AVAR
VA04,AVAR
VA05,AVAR
VA06,AVAR
VA08,AVAR
VA08,AVAR
VA09,AVAR
VA09,AVAR
VA10,AVAR
VA11,AVAR
VD05,AVAR
VD11,AVAR
VD13,AVAR
VD13,AVAR
ADAL,AVBL
ADAR,AVBL
ADAR,AVBL
ADLL,AVBL
ADLL,AVBL
ADLR,AVBL
AIBL,AVBL
AIBL,AVBL
AQR,AVBL
AQR,AVBL
AS03,AVBL
AS04,AVBL
AS05,AVBL
AS06,AVBL
AS09,AVBL
AS10,AVBL
ASHL,AVBL
AVAL,AVBL
AVAL,AVBL
AVAR,AVBL
AVAR,AVBL
AVAR,AVBL
AQR,AVBL
AS07,AVBL
AVBR,AVBL
DB03,AVBL
DB04,AVBL
DB05,AVBL
DB06,AVBL
DB07,AVBL
DVA,AVBL
RIBL,AVBL
RIBR,AVBL
RID,AVBL
SDQR,AVBL
SIBVL,AVBL
VB01,AVBL
VB02,AVBL
VB04,AVBL
VB05,AVBL
VB06,AVBL
VB07,AVBL
VB08,AVBL
VB09,AVBL
VB10,AVBL
VB11,AVBL
AVBR,AVBL
AVBR,AVBL
AVDL,AVBL
AVDR,AVBL
AVDR,AVBL
AVEL,AVBL
AVER,AVBL
AVFL,AVBL
AVFR,AVBL
AVG,AVBL
AVG,AVBL
AVHL,AVBL
AVHR,AVBL
AVJL,AVBL
AVJR,AVBL
AVJR,AVBL
AVKL,AVBL
AVL,AVBL
AVM,AVBL
AWBL,AVBL
DVA,AVBL
DVC,AVBL
FLPL,AVBL
FLPL,AVBL
FLPR,AVBL
PVCL,AVBL
PVCR,AVBL
PVCR,AVBL
PVNR,AVBL
PVNR,AVBL
PVPL,AVBL
PVPL,AVBL
PVPR,AVBL
PVQR,AVBL
PVR,AVBL
RIFL,AVBL
RIFR,AVBL
RIML,AVBL
RIMR,AVBL
SDQR,AVBL
SDQR,AVBL
URBL,AVBL
URXL,AVBL
URXR,AVBL
VA02,AVBL
VA07,AVBL
VA10,AVBL
VB02,AVBL
VC03,AVBL
VC04,AVBL
ADAL,AVBR
ADAL,AVBR
ADAR,AVBR
ADLR,AVBR
AIBR,AVBR
AIML,AVBR
AQR,AVBR
AS01,AVBR
AS03,AVBR
AS04,AVBR
AS05,AVBR
AS06,AVBR
AS07,AVBR
AS10,AVBR
ASHR,AVBR
AVAL,AVBR
AVAL,AVBR
AVAL,AVBR
AVAR,AVBR
AVAR,AVBR
AVBL,AVBR
AVBL,AVBR
AS06,AVBR
AS07,AVBR
AVBL,AVBR
DB01,AVBR
DB02,AVBR
DB03,AVBR
DB04,AVBR
DB05,AVBR
DB06,AVBR
DB07,AVBR
DD01,AVBR
DVA,AVBR
PVNL,AVBR
RIBL,AVBR
RIBR,AVBR
RID,AVBR
SIBVL,AVBR
VA08,AVBR
VA09,AVBR
VB02,AVBR
VB03,AVBR
VB04,AVBR
VB06,AVBR
VB07,AVBR
VB08,AVBR
VB09,AVBR
VB10,AVBR
VB11,AVBR
VD10,AVBR
AVFL,AVBR
AVFR,AVBR
AVFR,AVBR
AVG,AVBR
AVHL,AVBR
AVHR,AVBR
AVJL,AVBR
AVJR,AVBR
AVM,AVBR
AVM,AVBR
AWBR,AVBR
DA05,AVBR
FLPL,AVBR
FLPL,AVBR
FLPR,AVBR
HSNR,AVBR
PVCL,AVBR
PVCL,AVBR
PVCR,AVBR
PVNL,AVBR
PVNR,AVBR
PVPL,AVBR
PVPR,AVBR
PVR,AVBR
RIBL,AVBR
RIFL,AVBR
RIFR,AVBR
RIFR,AVBR
RIML,AVBR
RIMR,AVBR
RIMR,AVBR
RMGL,AVBR
RMGR,AVBR
SDQR,AVBR
URBR,AVBR
URXR,AVBR
URYVL,AVBR
VA04,AVBR
VA09,AVBR
VD03,AVBR
ADAL,AVDL
ADLL,AVDL
ADLR,AVDL
ADLR,AVDL
AIML,AVDL
AQR,AVDL
AS01,AVDL
AS04,AVDL
AS05,AVDL
AS10,AVDL
AS11,AVDL
ASHL,AVDL
ASHR,AVDL
ASHR,AVDL
AVAL,AVDL
AVAL,AVDL
AVAL,AVDL
AVAR,AVDL
AVAR,AVDL
AVAR,AVDL
AVBL,AVDL
ADAR,AVDL
AVM,AVDL
FLPL,AVDL
FLPR,AVDL
AVDR,AVDL
AVHL,AVDL
AVJL,AVDL
AVJR,AVDL
DA01,AVDL
DA02,AVDL
DA03,AVDL
DA04,AVDL
DA04,AVDL
DA05,AVDL
DA08,AVDL
FLPL,AVDL
FLPR,AVDL
FLPR,AVDL
LUAL,AVDL
LUAL,AVDL
LUAR,AVDL
PHBL,AVDL
PHBR,AVDL
PLMR,AVDL
PQR,AVDL
PVCL,AVDL
PVCL,AVDL
PVCR,AVDL
PVNL,AVDL
RMGR,AVDL
SABD,AVDL
SABD,AVDL
SABVL,AVDL
SABVR,AVDL
VA04,AVDL
VA05,AVDL
VA05,AVDL
ADER,AVDR
ADLL,AVDR
ADLR,AVDR
AIML,AVDR
AIMR,AVDR
ALML,AVDR
AQR,AVDR
AS05,AVDR
AS10,AVDR
ASHL,AVDR
ASHL,AVDR
ASHR,AVDR
AUAL,AVDR
AVAL,AVDR
AVAL,AVDR
AVAR,AVDR
AVAR,AVDR
AVAR,AVDR
AVBL,AVDR
AVBL,AVDR
AVDL,AVDR
ADAL,AVDR
ADLL,AVDR
AVJL,AVDR
FLPR,AVDR
AVER,AVDR
AVG,AVDR
AVHR,AVDR
AVJR,AVDR
AVJR,AVDR
DA01,AVDR
DA02,AVDR
DA03,AVDR
DA03,AVDR
DA04,AVDR
DA04,AVDR
DA05,AVDR
DA08,AVDR
DA09,AVDR
DB04,AVDR
DVC,AVDR
FLPL,AVDR
FLPR,AVDR
HSNL,AVDR
HSNR,AVDR
LUAL,AVDR
LUAL,AVDR
LUAR,AVDR
PHAL,AVDR
PHBR,AVDR
PLMR,AVDR
PQR,AVDR
PQR,AVDR
PVCL,AVDR
PVCR,AVDR
PVNL,AVDR
PVNR,AVDR
PVPL,AVDR
PVWR,AVDR
RIBL,AVDR
SABD,AVDR
SABVL,AVDR
SABVR,AVDR
VA02,AVDR
VA03,AVDR
VA06,AVDR
VA11,AVDR
ADAL,AVEL
ADAR,AVEL
ADEL,AVEL
AIBR,AVEL
AIZR,AVEL
ALA,AVEL
ALML,AVEL
AS01,AVEL
AUAL,AVEL
AVAL,AVEL
AVAL,AVEL
AVAR,AVEL
AVAR,AVEL
AVAR,AVEL
AVBL,AVEL
AVER,AVEL
RIML,AVEL
RIMR,AVEL
RMDVR,AVEL
RMEV,AVEL
AVG,AVEL
AVJL,AVEL
AVKL,AVEL
AVL,AVEL
BAGL,AVEL
BAGR,AVEL
BAGR,AVEL
CEPDR,AVEL
CEPVR,AVEL
CEPVR,AVEL
DA01,AVEL
DA02,AVEL
DA03,AVEL
DA03,AVEL
DA04,AVEL
DVA,AVEL
DVA,AVEL
FLPR,AVEL
IL1R,AVEL
IL2L,AVEL
OLLR,AVEL
OLLR,AVEL
PVCL,AVEL
PVCR,AVEL
PVCR,AVEL
PVNL,AVEL
PVNR,AVEL
PVNR,AVEL
PVT,AVEL
RIBL,AVEL
RIBL,AVEL
RIBR,AVEL
RIBR,AVEL
RIGL,AVEL
RIGL,AVEL
RIS,AVEL
RMGL,AVEL
SABD,AVEL
SABVL,AVEL
SABVR,AVEL
SDQL,AVEL
URXL,AVEL
URXL,AVEL
URYDR,AVEL
URYVR,AVEL
VA01,AVEL
VA03,AVEL
VA03,AVEL
VD02,AVEL
VD03,AVEL
ADER,AVER
AIML,AVER
AIZL,AVER
AIZR,AVER
AIZR,AVER
ALA,AVER
ALA,AVER
AS01,AVER
AS01,AVER
AS02,AVER
AS03,AVER
ASHR,AVER
AUAR,AVER
AUAR,AVER
AVAL,AVER
AVAL,AVER
AVAR,AVER
AVAR,AVER
AVBL,AVER
AVDR,AVER
AVEL,AVER
RIML,AVER
RIMR,AVER
RMDVL,AVER
RMDVR,AVER
RMEV,AVER
AVG,AVER
AVJR,AVER
AVJR,AVER
AVKL,AVER
BAGL,AVER
BAGL,AVER
CEPDL,AVER
CEPDL,AVER
CEPVL,AVER
CEPVL,AVER
DA01,AVER
DA02,AVER
DA02,AVER
DA03,AVER
DB03,AVER
DVA,AVER
DVA,AVER
FLPR,AVER
IL1L,AVER
IL1R,AVER
OLLL,AVER
OLLL,AVER
PVCL,AVER
PVCR,AVER
PVPL,AVER
RIBL,AVER
RIBL,AVER
RIBR,AVER
RIBR,AVER
RIGL,AVER
RIGR,AVER
RIS,AVER
RMGR,AVER
SABD,AVER
SABVL,AVER
SABVR,AVER
URXR,AVER
URYDL,AVER
URYDR,AVER
URYVL,AVER
VA01,AVER
VA02,AVER
VA03,AVER
VA04,AVER
VA05,AVER
AIML,AVFL
AIML,AVFL
AIMR,AVFL
AIMR,AVFL
AVBL,AVFL
AVBR,AVFL
AVFR,AVFL
AVHL,AVFL
AVHR,AVFL
PVQR,AVFL
AVFR,AVFL
AVFR,AVFL
AVFR,AVFL
AVG,AVFL
AVG,AVFL
AVG,AVFL
AVHL,AVFL
AVHL,AVFL
AVHR,AVFL
AVHR,AVFL
AVHR,AVFL
AVJL,AVFL
AVJR,AVFL
AVL,AVFL
HSNL,AVFL
HSNL,AVFL
HSNL,AVFL
HSNR,AVFL
HSNR,AVFL
PDER,AVFL
PHAL,AVFL
PHBR,AVFL
PVNL,AVFL
PVQL,AVFL
PVQR,AVFL
RIFR,AVFL
VB01,AVFL
VB01,AVFL
VC05,AVFL
AIML,AVFR
AIMR,AVFR
AIMR,AVFR
ASJL,AVFR
ASKL,AVFR
AVBL,AVFR
AVBR,AVFR
AVBR,AVFR
avfl,avfr
AVFL,AVFR
AVFL,AVFR
AVFL,AVFR
AVHL,AVFR
AVHR,AVFR
VC04,AVFR
AVHL,AVFR
AVHL,AVFR
AVHR,AVFR
AVHR,AVFR
AVJL,AVFR
AVJL,AVFR
AVJR,AVFR
AVL,AVFR
HSNR,AVFR
PVNL,AVFR
PVQL,AVFR
PVQR,AVFR
VC05,AVFR
VD11,AVFR
AVAR,AVG
AVAR,AVG
AVBL,AVG
AVBL,AVG
AVBR,AVG
AVDR,AVG
AVEL,AVG
AVER,AVG
AVFL,AVG
AVFL,AVG
AVFL,AVG
RIFL,AVG
RIFR,AVG
AVJL,AVG
AVL,AVG
DA08,AVG
PHAL,AVG
PHAL,AVG
PHAL,AVG
PHAR,AVG
PHAR,AVG
PQR,AVG
PVCL,AVG
PVNL,AVG
PVNR,AVG
PVNR,AVG
PVPR,AVG
PVQR,AVG
PVT,AVG
VA11,AVG
ADFR,AVHL
AIML,AVHL
AVAL,AVHL
AVBL,AVHL
AVBR,AVHL
AVDL,AVHL
AVFL,AVHL
AVFL,AVHL
AVFR,AVHL
AVFR,AVHL
AVFL,AVHL
AVFR,AVHL
AVHR,AVHL
PHBR,AVHL
AVHR,AVHL
AVHR,AVHL
AVJL,AVHL
AVJL,AVHL
AVJL,AVHL
AWBR,AVHL
BDUL,AVHL
BDUR,AVHL
PHAL,AVHL
PVPR,AVHL
PVPR,AVHL
PVQL,AVHL
PVQR,AVHL
RIFR,AVHL
RIMR,AVHL
RIR,AVHL
SMBDR,AVHL
SMBVR,AVHL
VD01,AVHL
ADLL,AVHR
ADLR,AVHR
AIML,AVHR
AQR,AVHR
AVBL,AVHR
AVBR,AVHR
AVDR,AVHR
AVFL,AVHR
AVFL,AVHR
AVFL,AVHR
AVFR,AVHR
AVFR,AVHR
AVHL,AVHR
AVHL,AVHR
AVFL,AVHR
AVFR,AVHR
AVHL,AVHR
AVJR,AVHR
PHAL,AVHR
PHAR,AVHR
PHCR,AVHR
PVNL,AVHR
PVPL,AVHR
PVPL,AVHR
RIFL,AVHR
RIGL,AVHR
RIR,AVHR
RIR,AVHR
SMBDL,AVHR
SMBVL,AVHR
VC04,AVHR
ADAR,AVJL
ADAR,AVJL
ADLL,AVJL
AIML,AVJL
AQR,AVJL
AVAR,AVJL
AVBL,AVJL
AVBR,AVJL
AVDL,AVJL
AVEL,AVJL
AVFL,AVJL
AVFR,AVJL
AVFR,AVJL
AVFR,AVJL
AVG,AVJL
AVHL,AVJL
AVHL,AVJL
AVHL,AVJL
AVAL,AVJL
AVDR,AVJL
AVJR,AVJL
PVCL,AVJL
PVCR,AVJL
RIS,AVJL
AVJR,AVJL
BDUR,AVJL
HSNL,AVJL
HSNL,AVJL
HSNR,AVJL
HSNR,AVJL
LUAL,AVJL
PLMR,AVJL
PVCL,AVJL
PVCL,AVJL
PVCL,AVJL
PVCR,AVJL
PVNL,AVJL
PVNR,AVJL
PVNR,AVJL
PVR,AVJL
PVR,AVJL
PVWL,AVJL
RIFR,AVJL
RIFR,AVJL
RIMR,AVJL
RIS,AVJL
RMGR,AVJL
ADAL,AVJR
ADER,AVJR
ADLL,AVJR
ADLR,AVJR
ADLR,AVJR
AVAL,AVJR
AVAR,AVJR
AVBL,AVJR
AVBL,AVJR
AVBR,AVJR
AVDL,AVJR
AVDR,AVJR
AVDR,AVJR
AVER,AVJR
AVER,AVJR
AVFL,AVJR
AVFR,AVJR
AVHR,AVJR
AVJL,AVJR
AVJL,AVJR
PVCL,AVJR
AVM,AVJR
BDUL,AVJR
FLPR,AVJR
LUAR,AVJR
PVCL,AVJR
PVCL,AVJR
PVCR,AVJR
PVCR,AVJR
PVNL,AVJR
PVNL,AVJR
PVNR,AVJR
PVQR,AVJR
PVR,AVJR
RIFL,AVJR
RIFR,AVJR
SABVL,AVJR
URXL,AVJR
ADER,AVKL
ADER,AVKL
AVBL,AVKL
AVEL,AVKL
AVER,AVKL
ADER,AVKL
AQR,AVKL
AVKR,AVKL
PVPL,AVKL
PVPR,AVKL
PVT,AVKL
RICL,AVKL
RICR,AVKL
RIGL,AVKL
SMBDL,AVKL
SMBDR,AVKL
SMBVR,AVKL
VB01,AVKL
VB10,AVKL
AVM,AVKL
DVA,AVKL
DVC,AVKL
PDEL,AVKL
PDEL,AVKL
PDEL,AVKL
PDEL,AVKL
PDER,AVKL
PDER,AVKL
PVM,AVKL
PVM,AVKL
PVM,AVKL
PVR,AVKL
PVT,AVKL
PVT,AVKL
RIGR,AVKL
RIML,AVKL
RIMR,AVKL
RIMR,AVKL
RIS,AVKL
RMDR,AVKL
RMFL,AVKL
RMFR,AVKL
RMFR,AVKL
SAADR,AVKL
SIAVR,AVKL
SMDDR,AVKL
ADER,AVKR
ADEL,AVKR
AQR,AVKR
AVKL,AVKR
PVPL,AVKR
RICL,AVKR
RIGR,AVKR
SMBDL,AVKR
SMBDR,AVKR
SMBVR,AVKR
BDUL,AVKR
DVC,AVKR
PVQL,AVKR
PVT,AVKR
RICL,AVKR
RIGL,AVKR
RIGR,AVKR
RIML,AVKR
RIMR,AVKR
RIS,AVKR
RMDR,AVKR
RMFL,AVKR
RMFL,AVKR
RMFR,AVKR
SAADL,AVKR
SMBDL,AVKR
SMDDL,AVKR
SMDDR,AVKR
ADEL,AVL
AVBL,AVL
AVEL,AVL
AVFL,AVL
AVFR,AVL
AVG,AVL
DVB,AVL
DVC,AVL
PVM,AVL
DA02,AVL
DD01,AVL
DD06,AVL
DVB,AVL
DVB,AVL
HSNR,AVL
HSNR,AVL
PVCR,AVL
PVNL,AVL
PVNR,AVL
PVPR,AVL
PVPR,AVL
PVPR,AVL
PVQR,AVL
PVT,AVL
PVWL,AVL
RIS,AVL
SABD,AVL
SABVL,AVL
SABVR,AVL
VC01,AVL
VC03,AVL
VD12,AVL
ADER,AVM
ADER,AVM
AVBL,AVM
AVBR,AVM
AVBR,AVM
AVJR,AVM
AVKL,AVM
ALML,AVM
ALMR,AVM
AVDL,AVM
BDUL,AVM
BDUL,AVM
BDUR,AVM
BDUR,AVM
DA01,AVM
PVCL,AVM
PVCR,AVM
PVCR,AVM
PVM,AVM
PVNL,AVM
PVR,AVM
RID,AVM
SIBVL,AVM
VA01,AVM
ADAL,AWAL
AFDL,AWAL
AFDL,AWAL
AIYL,AWAL
AIYL,AWAL
AIZL,AWAL
AIZL,AWAL
ASEL,AWAL
ASGL,AWAL
AIAL,AWAL
AWAR,AWAL
AWBL,AWAL
ADFR,AWAR
AFDR,AWAR
AFDR,AWAR
AIAR,AWAR
AIYR,AWAR
AIYR,AWAR
AIZR,AWAR
AIZR,AWAR
ASEL,AWAR
ASER,AWAR
ASER,AWAR
ASKR,AWAR
AUAR,AWAR
AIAR,AWAR
AIZR,AWAR
AWAL,AWAR
AWBR,AWAR
PVQR,AWAR
RIFR,AWAR
RIGR,AWAR
RIR,AWAR
ADFL,AWBL
ADFL,AWBL
ADLL,AWBL
AIBR,AWBL
AIZL,AWBL
AIZL,AWBL
AVBL,AWBL
AWAL,AWBL
AUAL,AWBL
AWBR,AWBL
RMGL,AWBL
HSNL,AWBL
HSNL,AWBL
HSNR,AWBL
RIAL,AWBL
RIAL,AWBL
SMBDL,AWBL
ADFR,AWBR
ADFR,AWBR
ADFR,AWBR
AIZR,AWBR
AIZR,AWBR
ASGR,AWBR
ASHR,AWBR
AVBR,AWBR
AVHL,AWBR
AWAR,AWBR
AUAR,AWBR
AWBL,AWBR
RICL,AWBR
RMGR,AWBR
HSNL,AWBR
RIAR,AWBR
RIR,AWBR
RIR,AWBR
SMBVR,AWBR
AIAL,AWCL
AIAR,AWCL
AIAR,AWCL
AIAR,AWCL
AIBL,AWCL
AIBL,AWCL
AIBR,AWCL
AIYL,AWCL
AIYL,AWCL
AIYL,AWCL
ASEL,AWCL
ASEL,AWCL
ASER,AWCL
ASIL,AWCL
ASIL,AWCL
ASIR,AWCL
AVAL,AWCL
AWCR,AWCL
AWCR,AWCL
AWCR,AWCL
RIAL,AWCL
RIAL,AWCL
ADLR,AWCR
AIAL,AWCR
AIAR,AWCR
AIAR,AWCR
AIAR,AWCR
AIAR,AWCR
AIBR,AWCR
AIYL,AWCR
AIYL,AWCR
AIYL,AWCR
AIYR,AWCR
AIYR,AWCR
ASEL,AWCR
ASEL,AWCR
ASER,AWCR
ASGR,AWCR
ASIL,AWCR
ASIL,AWCR
ASIR,AWCR
ASIR,AWCR
AWCL,AWCR
AWCL,AWCR
AWCL,AWCR
AIBL,BAGL
AINL,BAGL
AQR,BAGL
AVAR,BAGL
AVAR,BAGL
AVEL,BAGL
AVER,BAGL
AVER,BAGL
BAGR,BAGL
RIGR,BAGL
RIR,BAGL
BAGR,BAGL
RIAR,BAGL
RIAR,BAGL
RIBL,BAGL
RIBR,BAGL
RIBR,BAGL
RIBR,BAGL
RIBR,BAGL
RIGL,BAGL
RIGR,BAGL
RIGR,BAGL
AINR,BAGR
AIYL,BAGR
AQR,BAGR
AVAL,BAGR
AVAL,BAGR
AVEL,BAGR
AVEL,BAGR
BAGL,BAGR
BAGL,BAGR
RIGL,BAGR
RIR,BAGR
IL2VL,BAGR
RIAL,BAGR
RIAL,BAGR
RIBL,BAGR
RIBL,BAGR
RIBL,BAGR
RIGL,BAGR
RIGL,BAGR
RIGL,BAGR
RIH,BAGR
RIR,BAGR
ADEL,BDUL
ADEL,BDUL
ALML,BDUL
ALML,BDUL
AVHL,BDUL
AVJR,BDUL
AVKR,BDUL
AVM,BDUL
AVM,BDUL
HSNL,BDUL
PVNL,BDUL
PVNL,BDUL
PVNL,BDUL
PVNR,BDUL
PVNR,BDUL
SAADL,BDUL
URADL,BDUL
ADER,BDUR
ALMR,BDUR
ALMR,BDUR
AVAL,BDUR
AVHL,BDUR
AVJL,BDUR
AVM,BDUR
AVM,BDUR
CEPDR,BDUR
HSNR,BDUR
HSNR,BDUR
HSNR,BDUR
PVCL,BDUR
PVCL,BDUR
PVNL,BDUR
PVNL,BDUR
PVNL,BDUR
PVNR,BDUR
PVNR,BDUR
PVNR,BDUR
SDQL,BDUR
URADR,BDUR
ADEL,CEPDL
ALML,CEPDL
AVER,CEPDL
AVER,CEPDL
OLQDL,CEPDL
RIH,CEPDL
IL1DL,CEPDL
OLLL,CEPDL
OLLL,CEPDL
OLQDL,CEPDL
RIBL,CEPDL
RICL,CEPDL
RICL,CEPDL
RICR,CEPDL
RICR,CEPDL
RIH,CEPDL
RIPL,CEPDL
RIS,CEPDL
RMDVL,CEPDL
RMDVL,CEPDL
RMGL,CEPDL
RMGL,CEPDL
RMGL,CEPDL
RMHR,CEPDL
RMHR,CEPDL
SIADR,CEPDL
SIADR,CEPDL
SMBDR,CEPDL
URADL,CEPDL
URBL,CEPDL
URBL,CEPDL
URYDL,CEPDL
ADER,CEPDR
ALMR,CEPDR
AVEL,CEPDR
BDUR,CEPDR
OLQDR,CEPDR
RIH,CEPDR
IL1DR,CEPDR
IL1R,CEPDR
IL2DR,CEPDR
OLLR,CEPDR
OLLR,CEPDR
OLLR,CEPDR
OLLR,CEPDR
OLQDR,CEPDR
RIBR,CEPDR
RICL,CEPDR
RICR,CEPDR
RIH,CEPDR
RIS,CEPDR
RIS,CEPDR
RMDDL,CEPDR
RMDVR,CEPDR
RMGR,CEPDR
RMHL,CEPDR
RMHR,CEPDR
SIADL,CEPDR
SMBDR,CEPDR
URADR,CEPDR
URBR,CEPDR
URBR,CEPDR
URYDR,CEPDR
ADLL,CEPVL
ALML,CEPVL
AVER,CEPVL
AVER,CEPVL
OLQVL,CEPVL
RIH,CEPVL
IL1VL,CEPVL
OLLL,CEPVL
OLLL,CEPVL
OLQVL,CEPVL
RIAL,CEPVL
RICL,CEPVL
RICL,CEPVL
RICR,CEPVL
RIH,CEPVL
RIPL,CEPVL
RIS,CEPVL
RMDDL,CEPVL
RMHL,CEPVL
SIAVL,CEPVL
SIAVL,CEPVL
URAVL,CEPVL
ALMR,CEPVR
ASGR,CEPVR
ASKR,CEPVR
AVEL,CEPVR
AVEL,CEPVR
OLQVR,CEPVR
RIH,CEPVR
IL1VR,CEPVR
IL1VR,CEPVR
IL2VR,CEPVR
OLLR,CEPVR
OLLR,CEPVR
OLLR,CEPVR
OLQVR,CEPVR
RIAR,CEPVR
RICL,CEPVR
RICR,CEPVR
RICR,CEPVR
RIH,CEPVR
RIH,CEPVR
RIPR,CEPVR
RIS,CEPVR
RIVL,CEPVR
RMDDR,CEPVR
RMHR,CEPVR
SIAVR,CEPVR
URAVR,CEPVR
AS01,DA01
AVAL,DA01
AVAR,DA01
AVDL,DA01
AVDR,DA01
AVEL,DA01
AVER,DA01
AVM,DA01
AVAL,DA01
AVAR,DA01
DA04,DA01
SABVL,DA01
SABVR,DA01
DD01,DA01
DD01,DA01
VD01,DA01
VD01,DA01
VD02,DA01
AVAL,DA02
AVAR,DA02
AVDL,DA02
AVDR,DA02
AVEL,DA02
AVER,DA02
AVER,DA02
AVL,DA02
AS02,DA02
AS03,DA02
AVAL,DA02
AVAR,DA02
SABVL,DA02
VA01,DA02
DD01,DA02
DD01,DA02
PVCL,DA02
VD01,DA02
VD02,DA02
VD02,DA02
VD03,DA02
VD03,DA02
AS03,DA03
AS04,DA03
AVAL,DA03
AVAR,DA03
AVDL,DA03
AVDR,DA03
AVDR,DA03
AVEL,DA03
AVEL,DA03
AVER,DA03
AS04,DA03
AVAR,DA03
DA04,DA03
DA04,DA03
DA04,DA03
DB02,DA03
DB03,DA03
DD02,DA03
DD02,DA03
VD03,DA03
VD03,DA03
VD04,DA03
AVAL,DA04
AVAR,DA04
AVDL,DA04
AVDL,DA04
AVDR,DA04
AVDR,DA04
AVEL,DA04
DA03,DA04
DA03,DA04
AVAL,DA04
AVAR,DA04
DA01,DA04
DB03,DA04
VB06,DA04
DB03,DA04
DD02,DA04
VD04,DA04
VD05,DA04
VD05,DA04
AVAL,DA05
AVAR,DA05
AVBR,DA05
AVDL,DA05
AVDR,DA05
AS06,DA05
AVAL,DA05
AVAR,DA05
VA04,DA05
VA05,DA05
DB04,DA05
HSNR,DA05
PVCL,DA05
VD05,DA05
VD06,DA05
VD06,DA05
AVAL,DA06
AVAR,DA06
AVAL,DA06
AVAR,DA06
HSNR,DA06
PVCL,DA06
RID,DA06
RID,DA06
VD04,DA06
VD04,DA06
VD05,DA06
VD05,DA06
VD06,DA06
AVAL,DA07
AVAR,DA07
AVAL,DA07
AVAL,DA08
AVAR,DA08
AVAR,DA08
AVDL,DA08
AVDR,DA08
AVG,DA08
AVAR,DA08
DA09,DA08
DVB,DA08
DVB,DA08
PHAR,DA08
PHBR,DA08
VA12,DA08
AVAL,DA09
AVAL,DA09
AVAR,DA09
AVDR,DA09
DA08,DA09
PDA,DA09
PHCL,DA09
RID,DA09
DD06,DA09
PDA,DA09
PHCL,DA09
PHCR,DA09
PVCR,DA09
PVR,DA09
VA12,DA09
VD13,DA09
AS01,DB01
AS02,DB01
AS02,DB01
AS03,DB01
AIBR,DB01
AVBR,DB01
DB02,DB01
DB04,DB01
DVA,DB01
RID,DB01
RIS,DB01
VB03,DB01
VB04,DB01
DD01,DB01
DD01,DB01
VD01,DB01
VD01,DB01
VD02,DB01
VD02,DB01
VD03,DB01
DA03,DB02
AVBR,DB02
DB01,DB02
DB03,DB02
VB01,DB02
DD02,DB02
DD02,DB02
DVA,DB02
PVCL,DB02
PVCR,DB02
PVR,DB02
VD03,DB02
VD03,DB02
VD04,DB02
VD04,DB02
VD05,DB02
AS04,DB03
AS05,DB03
AVAR,DB03
AVER,DB03
DA03,DB03
DA04,DB03
AVBL,DB03
AVBR,DB03
DA04,DB03
DB02,DB03
DB04,DB03
DD02,DB03
DD03,DB03
DVA,DB03
PVCL,DB03
PVCR,DB03
PVR,DB03
VD04,DB03
VD05,DB03
VD05,DB03
VD06,DB03
VD06,DB03
AVDR,DB04
DA05,DB04
AVBL,DB04
AVBR,DB04
DB01,DB04
DB03,DB04
VB02,DB04
VB04,DB04
DD03,DB04
DVA,DB04
PVCL,DB04
PVCR,DB04
VC02,DB04
VD06,DB04
VD06,DB04
AVAL,DB05
AVAR,DB05
AVAR,DB05
AVBL,DB05
AVBR,DB05
DVA,DB05
PVCL,DB05
PVCR,DB05
AVAL,DB06
AVAR,DB06
AVAL,DB06
AVBL,DB06
AVBR,DB06
DVA,DB06
PVCL,DB06
PVCR,DB06
AVBL,DB07
AVBR,DB07
DVA,DB07
DVA,DB07
PVCL,DB07
PVCL,DB07
PVCR,DB07
VA12,DB07
VD13,DB07
AS02,DD01
AS03,DD01
AVL,DD01
DA01,DD01
DA02,DD01
DA02,DD01
DB01,DD01
AVBR,DD01
DD02,DD01
VD01,DD01
VD02,DD01
PVNL,DD01
PVQR,DD01
RID,DD01
RID,DD01
VA01,DD01
VA02,DD01
VA03,DD01
VB01,DD01
VB02,DD01
VC01,DD01
VC02,DD01
VC03,DD01
VD01,DD01
VD02,DD01
VD02,DD01
AS05,DD02
DA03,DD02
DA03,DD02
DA04,DD02
DB02,DD02
DB03,DD02
DD01,DD02
DD03,DD02
VD04,DD02
PVPR,DD02
RID,DD02
RID,DD02
VA03,DD02
VA04,DD02
VA05,DD02
VB02,DD02
VB03,DD02
VB04,DD02
VC01,DD02
VC02,DD02
VC03,DD02
VD03,DD02
VD04,DD02
DB03,DD03
DB04,DD03
DD02,DD03
DD04,DD03
PVNR,DD03
RID,DD03
RID,DD03
VA05,DD03
VA06,DD03
VA07,DD03
VB04,DD03
VB05,DD03
VC01,DD03
VC02,DD03
VC03,DD03
DD03,DD04
VC03,DD04
VD08,DD04
VA07,DD04
VA08,DD04
VA09,DD04
VB06,DD04
VB07,DD04
VC03,DD04
VD08,DD04
VD10,DD05
PVDL,DD05
VA09,DD05
VB08,DD05
VB08,DD05
VB09,DD05
VD09,DD05
VD10,DD05
AVL,DD06
DA09,DD06
DVB,DD06
PDA,DD06
VA11,DD06
VA12,DD06
VB10,DD06
VB11,DD06
AIZL,DVA
AIZL,DVA
AIZR,DVA
AIZR,DVA
AQR,DVA
AQR,DVA
AUAL,DVA
AUAR,DVA
AVAL,DVA
AVAR,DVA
AVBL,DVA
AVEL,DVA
AVEL,DVA
AVER,DVA
AVER,DVA
AVKL,DVA
DB02,DVA
DB03,DVA
DB04,DVA
DB05,DVA
DB06,DVA
DB07,DVA
DB07,DVA
AVBL,DVA
AVBR,DVA
DB01,DVA
PVCL,DVA
PVR,DVA
FLPL,DVA
FLPR,DVA
PDEL,DVA
PDEL,DVA
PDEL,DVA
PDEL,DVA
PDER,DVA
PDER,DVA
PHAL,DVA
PHAR,DVA
PHAR,DVA
PHCL,DVA
PHCL,DVA
PHCR,DVA
PHCR,DVA
PLMR,DVA
PVCL,DVA
PVCL,DVA
PVCR,DVA
PVDR,DVA
PVDR,DVA
PVM,DVA
PVM,DVA
PVR,DVA
PVR,DVA
PVR,DVA
RIAL,DVA
RIAR,DVA
RIAR,DVA
RIMR,DVA
RIR,DVA
RIR,DVA
SAADR,DVA
SAAVL,DVA
SAAVR,DVA
SABD,DVA
SDQR,DVA
SMBDL,DVA
SMBDR,DVA
SMBVL,DVA
SMBVR,DVA
VA02,DVA
VA12,DVA
VB01,DVA
VB01,DVA
VB11,DVA
AVL,DVB
AVL,DVB
DA08,DVB
DA08,DVB
DD06,DVB
AS09,DVB
AVL,DVB
VA09,DVB
VB09,DVB
DVC,DVB
PDA,DVB
PHCL,DVB
PVPL,DVB
PVPL,DVB
AIBL,DVC
AIBR,DVC
AVAL,DVC
AVAR,DVC
AVBL,DVC
AVDR,DVC
AVKL,DVC
AVKR,DVC
DVB,DVC
AIBL,DVC
AIBR,DVC
AVL,DVC
PVPL,DVC
PVPR,DVC
VA09,DVC
VD01,DVC
VD10,DVC
PVPR,DVC
PVPR,DVC
PVQR,DVC
PVT,DVC
PVT,DVC
RIBL,DVC
RIBR,DVC
RIGL,DVC
RIGL,DVC
RIGL,DVC
RIGR,DVC
RMFL,DVC
RMFR,DVC
VC01,DVC
VC02,DVC
VC03,DVC
VC05,DVC
ADEL,FLPL
ADEL,FLPL
ADEL,FLPL
ADER,FLPL
ADER,FLPL
AIBL,FLPL
AIBL,FLPL
AIBL,FLPL
AIBR,FLPL
AVAL,FLPL
AVAL,FLPL
AVAR,FLPL
AVBL,FLPL
AVBL,FLPL
AVBR,FLPL
AVBR,FLPL
AVDL,FLPL
AVDR,FLPL
DVA,FLPL
AVAL,FLPL
AVDL,FLPL
FLPR,FLPL
RIH,FLPL
FLPR,FLPL
FLPR,FLPL
PVCR,FLPL
SDQL,FLPL
ADAL,FLPR
ADER,FLPR
ADER,FLPR
ADER,FLPR
AIBR,FLPR
AVAL,FLPR
AVAL,FLPR
AVAR,FLPR
AVBL,FLPR
AVBR,FLPR
AVDL,FLPR
AVDL,FLPR
AVDR,FLPR
AVEL,FLPR
AVER,FLPR
AVJR,FLPR
DVA,FLPR
FLPL,FLPR
FLPL,FLPR
AVDL,FLPR
AVDR,FLPR
FLPL,FLPR
PVCL,FLPR
VB01,FLPR
AIAL,HSNL
AIAL,HSNL
AIMR,HSNL
AIYR,HSNL
AIZL,HSNL
AIZR,HSNL
ASHL,HSNL
ASHR,HSNL
ASJL,HSNL
ASJR,HSNL
ASKL,HSNL
AVDR,HSNL
AVFL,HSNL
AVFL,HSNL
AVFL,HSNL
AVJL,HSNL
AVJL,HSNL
AWBL,HSNL
AWBL,HSNL
AWBR,HSNL
BDUL,HSNL
HSNR,HSNL
HSNR,HSNL
HSNR,HSNL
PLML,HSNL
PVQL,HSNL
RIFL,HSNL
RIML,HSNL
RIR,HSNL
SABVL,HSNL
VC05,HSNL
VC05,HSNL
AIBL,HSNR
AIBR,HSNR
AIMR,HSNR
AIYL,HSNR
AIZL,HSNR
AIZR,HSNR
AS05,HSNR
ASHL,HSNR
ASHR,HSNR
ASJL,HSNR
ASJR,HSNR
AVBR,HSNR
AVDR,HSNR
AVFL,HSNR
AVFL,HSNR
AVFR,HSNR
AVJL,HSNR
AVJL,HSNR
AVL,HSNR
AVL,HSNR
AWBL,HSNR
BDUR,HSNR
BDUR,HSNR
BDUR,HSNR
DA05,HSNR
DA06,HSNR
HSNL,HSNR
HSNL,HSNR
HSNL,HSNR
PLMR,HSNR
PVNR,HSNR
PVNR,HSNR
PVNR,HSNR
PVNR,HSNR
PVQR,HSNR
PVQR,HSNR
RIFR,HSNR
RIFR,HSNR
RIFR,HSNR
RMGR,HSNR
SABD,HSNR
SABVR,HSNR
VA06,HSNR
VC02,HSNR
VC02,HSNR
VC03,HSNR
VC03,HSNR
VD04,HSNR
CEPDL,IL1DL
IL1DR,IL1DL
IL1L,IL1DL
OLLL,IL1DL
RMEV,IL1DL
IL1L,IL1DL
IL2DL,IL1DL
PVR,IL1DL
PVR,IL1DL
RIH,IL1DL
RIPL,IL1DL
RMDDR,IL1DL
RMDVL,IL1DL
URADL,IL1DL
URYDL,IL1DL
CEPDR,IL1DR
IL1DL,IL1DR
IL1R,IL1DR
OLLR,IL1DR
RMEV,IL1DR
IL1R,IL1DR
IL2DR,IL1DR
OLLR,IL1DR
PVR,IL1DR
RIPR,IL1DR
RMDVR,IL1DR
URADR,IL1DR
ADEL,IL1L
AVER,IL1L
IL1DL,IL1L
IL1DL,IL1L
IL1VL,IL1L
IL1VL,IL1L
IL2L,IL1L
RMDDL,IL1L
RMDL,IL1L
RMDR,IL1L
RMDVL,IL1L
RMDVR,IL1L
RMER,IL1L
URBL,IL1L
AVEL,IL1R
AVER,IL1R
CEPDR,IL1R
IL1DR,IL1R
IL1DR,IL1R
IL1VR,IL1R
IL1VR,IL1R
IL2R,IL1R
RIAR,IL1R
RMDDL,IL1R
RMDDR,IL1R
RMDL,IL1R
RMDL,IL1R
RMDR,IL1R
RMDVL,IL1R
RMDVR,IL1R
RMEL,IL1R
RMHL,IL1R
URAVR,IL1R
URBR,IL1R
URXR,IL1R
CEPVL,IL1VL
IL1L,IL1VL
IL1L,IL1VL
IL1VR,IL1VL
RMED,IL1VL
IL2VL,IL1VL
OLLL,IL1VL
OLQVL,IL1VL
OLQVL,IL1VL
PVR,IL1VL
RIPL,IL1VL
RMDDL,IL1VL
URYVL,IL1VL
URYVL,IL1VL
CEPVR,IL1VR
CEPVR,IL1VR
IL1R,IL1VR
IL1R,IL1VR
IL1VL,IL1VR
IL2R,IL1VR
IL2VR,IL1VR
IL2VR,IL1VR
OLLR,IL1VR
OLQVR,IL1VR
PVR,IL1VR
RIPR,IL1VR
RIPR,IL1VR
RMDDR,IL1VR
RMER,IL1VR
URYVR,IL1VR
AUAL,IL2DL
IL1DL,IL2DL
OLQDL,IL2DL
RIBL,IL2DL
RIPL,IL2DL
RMEL,IL2DL
RMER,IL2DL
URADL,IL2DL
URADL,IL2DL
CEPDR,IL2DR
IL1DR,IL2DR
RICR,IL2DR
RIPR,IL2DR
RMED,IL2DR
RMEL,IL2DR
RMER,IL2DR
RMEV,IL2DR
URADR,IL2DR
ADEL,IL2L
ADEL,IL2L
ADEL,IL2L
AVEL,IL2L
IL1L,IL2L
RMGL,IL2L
IL2VL,IL2L
OLQDL,IL2L
OLQDL,IL2L
OLQVL,IL2L
OLQVL,IL2L
RICL,IL2L
RIH,IL2L
RIH,IL2L
RMDL,IL2L
RMDL,IL2L
RMDR,IL2L
RMER,IL2L
RMEV,IL2L
URXL,IL2L
ADER,IL2R
ADER,IL2R
IL1R,IL2R
IL1VR,IL2R
RMGR,IL2R
URXR,IL2R
OLLR,IL2R
OLLR,IL2R
OLLR,IL2R
OLQDR,IL2R
OLQVR,IL2R
OLQVR,IL2R
RIH,IL2R
RIH,IL2R
RMDL,IL2R
RMDL,IL2R
RMEL,IL2R
RMEV,IL2R
URBR,IL2R
URBR,IL2R
BAGR,IL2VL
IL1VL,IL2VL
IL2L,IL2VL
OLQVL,IL2VL
OLQVL,IL2VL
RIAL,IL2VL
RIH,IL2VL
RIPL,IL2VL
RMEL,IL2VL
RMEL,IL2VL
RMER,IL2VL
RMEV,IL2VL
URAVL,IL2VL
CEPVR,IL2VR
IL1VR,IL2VR
IL1VR,IL2VR
OLQVR,IL2VR
OLQVR,IL2VR
RIAR,IL2VR
RIH,IL2VR
RIH,IL2VR
RIPR,IL2VR
RIPR,IL2VR
RMEL,IL2VR
RMER,IL2VR
RMEV,IL2VR
URAVR,IL2VR
URXR,IL2VR
AVAL,LUAL
AVAL,LUAL
AVAR,LUAL
AVAR,LUAL
AVAR,LUAL
AVDL,LUAL
AVDL,LUAL
AVDR,LUAL
AVDR,LUAL
AVJL,LUAL
AVAL,LUAL
PLML,LUAL
PVR,LUAL
PHBL,LUAL
PHCL,LUAL
PVNL,LUAL
PVWL,LUAL
VA12,LUAL
AVAL,LUAR
AVAR,LUAR
AVAR,LUAR
AVDL,LUAR
AVDR,LUAR
AVJR,LUAR
PLMR,LUAR
PVR,LUAR
PHCR,LUAR
PQR,LUAR
PQR,LUAR
PVCR,LUAR
PVCR,LUAR
PVR,LUAR
PVWL,LUAR
ADEL,OLLL
ADEL,OLLL
AVER,OLLL
AVER,OLLL
CEPDL,OLLL
CEPDL,OLLL
CEPVL,OLLL
CEPVL,OLLL
IL1VL,OLLL
IL1DL,OLLL
OLLR,OLLL
RIGL,OLLL
RIBL,OLLL
RMDDL,OLLL
RMDL,OLLL
RMDVL,OLLL
RMEL,OLLL
SAADR,OLLL
SMDDL,OLLL
SMDDL,OLLL
SMDDR,OLLL
SMDDR,OLLL
SMDVR,OLLL
URYDL,OLLL
ADER,OLLR
ADLR,OLLR
AVEL,OLLR
AVEL,OLLR
CEPDR,OLLR
CEPDR,OLLR
CEPDR,OLLR
CEPDR,OLLR
CEPVR,OLLR
CEPVR,OLLR
CEPVR,OLLR
IL1DR,OLLR
IL1VR,OLLR
IL2R,OLLR
IL2R,OLLR
IL2R,OLLR
IL1DR,OLLR
OLLL,OLLR
RIGR,OLLR
RIBR,OLLR
RIBR,OLLR
RIS,OLLR
RMDDR,OLLR
RMDL,OLLR
RMDL,OLLR
RMDVR,OLLR
RMER,OLLR
SAAVL,OLLR
SMDDR,OLLR
SMDVL,OLLR
SMDVR,OLLR
VC05,OLLR
CEPDL,OLQDL
IL2DL,OLQDL
IL2L,OLQDL
IL2L,OLQDL
CEPDL,OLQDL
RIBL,OLQDL
RIGL,OLQDL
RMDVL,OLQDL
URBL,OLQDL
RICR,OLQDL
RIH,OLQDL
RIH,OLQDL
RIPL,OLQDL
RIPR,OLQDL
RMDDR,OLQDL
RMDDR,OLQDL
SIBVL,OLQDL
AIMR,OLQDR
CEPDR,OLQDR
IL2R,OLQDR
CEPDR,OLQDR
RIBR,OLQDR
RIGR,OLQDR
RIH,OLQDR
RMDVR,OLQDR
URBR,OLQDR
RICL,OLQDR
RICR,OLQDR
RIH,OLQDR
RIPL,OLQDR
RIPR,OLQDR
RMDDL,OLQDR
RMDDL,OLQDR
RMHR,OLQDR
SIBVR,OLQDR
ADFL,OLQVL
ADLL,OLQVL
CEPVL,OLQVL
IL1VL,OLQVL
IL1VL,OLQVL
IL2L,OLQVL
IL2L,OLQVL
IL2VL,OLQVL
IL2VL,OLQVL
ADLL,OLQVL
CEPVL,OLQVL
RIBL,OLQVL
RIGL,OLQVL
RMDDL,OLQVL
URBL,OLQVL
RICL,OLQVL
RIH,OLQVL
RIH,OLQVL
RIPL,OLQVL
RMDVR,OLQVL
RMDVR,OLQVL
SIBDL,OLQVL
CEPVR,OLQVR
IL1VR,OLQVR
IL2R,OLQVR
IL2R,OLQVR
IL2VR,OLQVR
IL2VR,OLQVR
CEPVR,OLQVR
RIBR,OLQVR
RIGR,OLQVR
RMDDR,OLQVR
URBR,OLQVR
RICR,OLQVR
RIH,OLQVR
RIH,OLQVR
RIPR,OLQVR
RMDVL,OLQVR
RMER,OLQVR
SIBDR,OLQVR
URXR,OLQVR
AS11,PDA
AS11,PDA
DA09,PDA
DD06,PDA
DVB,PDA
DA09,PDA
PVNR,PDA
VD13,PDA
AS11,PDB
AS11,PDB
RID,PDB
VD13,PDB
AVAR,PDEL
AVKL,PDEL
AVKL,PDEL
AVKL,PDEL
AVKL,PDEL
DVA,PDEL
DVA,PDEL
DVA,PDEL
DVA,PDEL
PDER,PDEL
PVCR,PDEL
PVM,PDEL
PDER,PDEL
PLMR,PDEL
PVCR,PDEL
PVM,PDEL
PVM,PDEL
PVM,PDEL
PVR,PDEL
PVR,PDEL
VA09,PDEL
VD11,PDEL
AVAR,PDER
AVFL,PDER
AVKL,PDER
AVKL,PDER
DVA,PDER
DVA,PDER
PDEL,PDER
PDEL,PDER
PVM,PDER
VA08,PDER
VD09,PDER
PLMR,PDER
PVCL,PDER
PVCR,PDER
PVM,PDER
PVM,PDER
PVR,PDER
AVDR,PHAL
AVFL,PHAL
AVG,PHAL
AVG,PHAL
AVG,PHAL
AVHL,PHAL
AVHR,PHAL
DVA,PHAL
PHAR,PHAL
PHAR,PHAL
PHAR,PHAL
PHAR,PHAL
PHBL,PHAL
PHBR,PHAL
PVQL,PHAL
AVG,PHAR
AVG,PHAR
AVHR,PHAR
DA08,PHAR
DVA,PHAR
DVA,PHAR
PHAL,PHAR
PHAL,PHAR
PHAL,PHAR
PHAL,PHAR
PHBL,PHAR
PVPL,PHAR
PHBR,PHAR
PVQL,PHAR
AVAL,PHBL
AVAR,PHBL
AVDL,PHBL
LUAL,PHBL
PHAL,PHBL
PHAR,PHBL
PHBR,PHBL
PHBR,PHBL
PHBR,PHBL
PVCL,PHBL
VA12,PHBL
AVAL,PHBR
AVAR,PHBR
AVDL,PHBR
AVDR,PHBR
AVFL,PHBR
DA08,PHBR
PHAL,PHBR
PHAR,PHBR
PHBL,PHBR
PHBL,PHBR
AVHL,PHBR
PHBL,PHBR
PVCL,PHBR
PVCR,PHBR
VA12,PHBR
AVAL,PHCL
DA09,PHCL
DVA,PHCL
DVA,PHCL
DVB,PHCL
LUAL,PHCL
DA09,PHCL
PHCR,PHCL
PLML,PHCL
VA12,PHCL
PHCR,PHCL
PVCL,PHCL
VA12,PHCL
AVHR,PHCR
DA09,PHCR
DVA,PHCR
DVA,PHCR
LUAR,PHCR
PHCL,PHCR
PHCL,PHCR
PVCR,PHCR
VA12,PHCR
PVCR,PHCR
VA12,PHCR
HSNL,PLML
LUAL,PLML
PHCL,PLML
PVCL,PLML
AS06,PLMR
AVAL,PLMR
AVAL,PLMR
AVAR,PLMR
AVDL,PLMR
AVDR,PLMR
AVJL,PLMR
DVA,PLMR
HSNR,PLMR
PDEL,PLMR
PDER,PLMR
LUAR,PLMR
PVCR,PLMR
PVR,PLMR
PVCL,PLMR
SAADL,PLNL
SMBVL,PLNL
SMBVL,PLNL
SMBVL,PLNL
SAADR,PLNR
SMBVR,PLNR
SMBVR,PLNR
AVAL,PQR
AVAL,PQR
AVAR,PQR
AVAR,PQR
AVDL,PQR
AVDR,PQR
AVDR,PQR
AVG,PQR
LUAR,PQR
LUAR,PQR
PVPL,PQR
PVNL,PQR
PVNL,PQR
PVNR,PQR
ADLR,PVCL
ADLR,PVCL
ALML,PVCL
ALML,PVCL
AS01,PVCL
AVAL,PVCL
AVAL,PVCL
AVAL,PVCL
AVAL,PVCL
AVAR,PVCL
AVAR,PVCL
AVAR,PVCL
AVBL,PVCL
AVBR,PVCL
AVBR,PVCL
AVDL,PVCL
AVDL,PVCL
AVDR,PVCL
AVEL,PVCL
AVER,PVCL
AVG,PVCL
AVJL,PVCL
AVJL,PVCL
AVJL,PVCL
AVJR,PVCL
AVJR,PVCL
AVM,PVCL
BDUR,PVCL
BDUR,PVCL
DA02,PVCL
DA05,PVCL
DA06,PVCL
DB02,PVCL
DB03,PVCL
DB03,PVCL
DB04,PVCL
DB04,PVCL
DB05,PVCL
DB06,PVCL
DB07,PVCL
DB07,PVCL
DVA,PVCL
DVA,PVCL
FLPR,PVCL
PDER,PVCL
PHBL,PVCL
PHBR,PVCL
PHCL,PVCL
PLMR,PVCL
AVAL,PVCL
AVJL,PVCL
AVJR,PVCL
DVA,PVCL
PLML,PVCL
PVCR,PVCL
VB09,PVCL
VB10,PVCL
PVCR,PVCL
PVCR,PVCL
PVCR,PVCL
PVDL,PVCL
PVDR,PVCL
PVDR,PVCL
PVM,PVCL
PVNL,PVCL
PVNR,PVCL
PVPR,PVCL
RID,PVCL
RID,PVCL
RIFR,PVCL
RIS,PVCL
SIBVL,PVCL
VA12,PVCL
VB03,PVCL
VB04,PVCL
VB05,PVCL
VB06,PVCL
VB08,PVCL
VB10,PVCL
VB11,PVCL
VD13,PVCL
ALML,PVCR
ALML,PVCR
ALMR,PVCR
AQR,PVCR
AQR,PVCR
AS02,PVCR
AVAL,PVCR
AVAL,PVCR
AVAL,PVCR
AVAL,PVCR
AVAR,PVCR
AVAR,PVCR
AVBL,PVCR
AVBL,PVCR
AVBR,PVCR
AVDL,PVCR
AVDR,PVCR
AVEL,PVCR
AVEL,PVCR
AVER,PVCR
AVJL,PVCR
AVJR,PVCR
AVJR,PVCR
AVL,PVCR
AVM,PVCR
AVM,PVCR
DA09,PVCR
DB02,PVCR
DB03,PVCR
DB03,PVCR
DB04,PVCR
DB05,PVCR
DB06,PVCR
DB07,PVCR
DVA,PVCR
FLPL,PVCR
LUAR,PVCR
LUAR,PVCR
PDEL,PVCR
PDER,PVCR
PHBR,PVCR
PHCR,PVCR
PVCL,PVCR
PVCL,PVCR
PVCL,PVCR
AVAL,PVCR
AVAR,PVCR
AVJL,PVCR
PDEL,PVCR
PHCR,PVCR
PLMR,PVCR
PVCL,PVCR
PVWL,PVCR
PVWR,PVCR
VA08,PVCR
PVDL,PVCR
PVDL,PVCR
PVDR,PVCR
VA09,PVCR
PVPL,PVCR
PVPL,PVCR
PVPR,PVCR
PVPR,PVCR
PVR,PVCR
PVR,PVCR
PVWR,PVCR
PVWR,PVCR
RID,PVCR
RID,PVCR
RIFR,PVCR
SIBVR,PVCR
VA12,PVCR
VB04,PVCR
VB04,PVCR
VB06,PVCR
VB06,PVCR
VB07,PVCR
VB08,PVCR
VB10,PVCR
VB11,PVCR
VC02,PVCR
VD13,PVCR
AVAL,PVDL
AVAR,PVDL
DD05,PVDL
PVCL,PVDL
PVCR,PVDL
PVCR,PVDL
PVDR,PVDL
VD10,PVDL
AVAL,PVDR
AVAR,PVDR
DVA,PVDR
DVA,PVDR
PVCL,PVDR
PVCL,PVDR
PVCR,PVDR
PVDL,PVDR
VA09,PVDR
AVKL,PVM
AVKL,PVM
AVKL,PVM
AVM,PVM
DVA,PVM
DVA,PVM
PDEL,PVM
PDEL,PVM
PDEL,PVM
PDER,PVM
PDER,PVM
PVCL,PVM
AVL,PVM
PDEL,PVM
PDER,PVM
PVR,PVM
AVAL,PVNL
AVBR,PVNL
AVDL,PVNL
AVDR,PVNL
AVEL,PVNL
AVFL,PVNL
AVFR,PVNL
AVG,PVNL
AVHR,PVNL
AVJL,PVNL
AVJR,PVNL
AVJR,PVNL
AVL,PVNL
AVM,PVNL
BDUL,PVNL
BDUL,PVNL
BDUL,PVNL
BDUR,PVNL
BDUR,PVNL
BDUR,PVNL
DD01,PVNL
LUAL,PVNL
PQR,PVNL
PQR,PVNL
PVCL,PVNL
AVBR,PVNL
PVNR,PVNL
PVNR,PVNL
PVQR,PVNL
PVT,PVNL
PVWL,PVNL
RIFL,PVNL
AIMR,PVNR
AVAL,PVNR
AVAL,PVNR
AVBL,PVNR
AVBL,PVNR
AVBR,PVNR
AVDR,PVNR
AVEL,PVNR
AVEL,PVNR
AVG,PVNR
AVG,PVNR
AVJL,PVNR
AVJL,PVNR
AVJR,PVNR
AVL,PVNR
BDUL,PVNR
BDUL,PVNR
BDUR,PVNR
BDUR,PVNR
BDUR,PVNR
DD03,PVNR
HSNR,PVNR
HSNR,PVNR
HSNR,PVNR
PDA,PVNR
PQR,PVNR
PVCL,PVNR
PVNL,PVNR
PVNL,PVNR
HSNR,PVNR
PVT,PVNR
PVWL,PVNR
VA11,PVNR
VC02,PVNR
VC02,PVNR
VC03,PVNR
VC03,PVNR
VD06,PVNR
VD07,PVNR
VD12,PVNR
ADAL,PVPL
AQR,PVPL
AQR,PVPL
AVAL,PVPL
AVAL,PVPL
AVAR,PVPL
AVAR,PVPL
AVBL,PVPL
AVBL,PVPL
AVBR,PVPL
AVDR,PVPL
AVER,PVPL
AVHR,PVPL
AVHR,PVPL
DVB,PVPL
DVB,PVPL
PVCR,PVPL
PVCR,PVPL
AQR,PVPL
AVAL,PVPL
AVKL,PVPL
AVKR,PVPL
DVC,PVPL
PHAR,PVPL
PQR,PVPL
PVPR,PVPL
PVT,PVPL
VD03,PVPL
VD13,PVPL
RIFL,PVPL
RIGL,PVPL
RIR,PVPL
ADFR,PVPR
ADFR,PVPR
AQR,PVPR
ASHR,PVPR
ASHR,PVPR
AVAL,PVPR
AVAR,PVPR
AVBL,PVPR
AVBR,PVPR
AVG,PVPR
AVHL,PVPR
AVHL,PVPR
AVL,PVPR
AVL,PVPR
AVL,PVPR
DD02,PVPR
DVC,PVPR
DVC,PVPR
PVCL,PVPR
PVCR,PVPR
PVCR,PVPR
AQR,PVPR
AVKL,PVPR
DVC,PVPR
PVPL,PVPR
VD04,PVPR
VD05,PVPR
PVQR,PVPR
RIAR,PVPR
RIFR,PVPR
RIGR,PVPR
RIMR,PVPR
RMGR,PVPR
VC03,PVPR
AIAL,PVQL
AIAL,PVQL
AIML,PVQL
ASJL,PVQL
ASJL,PVQL
ASJL,PVQL
ASKL,PVQL
AVFL,PVQL
AVFR,PVQL
AVHL,PVQL
AVKR,PVQL
HSNL,PVQL
PHAL,PVQL
PHAR,PVQL
ADAL,PVQL
ASKL,PVQL
PVQR,PVQL
RMGL,PVQL
AIAR,PVQR
AIAR,PVQR
ASER,PVQR
ASJR,PVQR
ASJR,PVQR
ASKR,PVQR
AVBL,PVQR
AVFL,PVQR
AVFR,PVQR
AVG,PVQR
AVHL,PVQR
AVJR,PVQR
AVL,PVQR
AWAR,PVQR
DD01,PVQR
DVC,PVQR
HSNR,PVQR
HSNR,PVQR
PVPR,PVQR
ADAR,PVQR
ASKR,PVQR
AVFL,PVQR
PVNL,PVQR
PVQL,PVQR
PVT,PVQR
RIFR,PVQR
VC02,PVQR
VC03,PVQR
VD01,PVQR
ADAL,PVR
ADER,PVR
AS06,PVR
AVBL,PVR
AVBR,PVR
AVJL,PVR
AVJL,PVR
AVJR,PVR
AVKL,PVR
AVM,PVR
DA09,PVR
DB02,PVR
DB03,PVR
DVA,PVR
DVA,PVR
DVA,PVR
IL1DL,PVR
IL1DL,PVR
IL1DR,PVR
IL1VL,PVR
IL1VR,PVR
LUAR,PVR
PDEL,PVR
PDEL,PVR
PDER,PVR
PVCR,PVR
PVCR,PVR
PVM,PVR
ALML,PVR
DVA,PVR
LUAL,PVR
LUAR,PVR
PLMR,PVR
RIPL,PVR
RIPR,PVR
SABD,PVR
SMDVL,PVR
URADL,PVR
AIBL,PVT
AIBR,PVT
AVEL,PVT
AVG,PVT
AVKL,PVT
AVKL,PVT
AVKR,PVT
AVL,PVT
DVC,PVT
DVC,PVT
PVNL,PVT
PVNR,PVT
PVQR,PVT
AIBL,PVT
AIBR,PVT
AVKL,PVT
PVPL,PVT
RIBL,PVT
PVWL,PVT
RIBR,PVT
PVWR,PVT
RIGL,PVT
RIGR,PVT
RIH,PVT
RMEV,PVT
RMFL,PVT
RMFL,PVT
RMFR,PVT
RMFR,PVT
SMBDR,PVT
VA09,PVT
VB10,PVT
VC01,PVT
VC02,PVT
VC05,PVT
AVJL,PVWL
AVL,PVWL
LUAL,PVWL
LUAR,PVWL
PVNL,PVWL
PVNR,PVWL
PVT,PVWL
PVWR,PVWL
PVCR,PVWL
VA12,PVWL
AVAR,PVWR
AVDR,PVWR
PVCR,PVWR
PVCR,PVWR
PVT,PVWR
PVWL,PVWR
PVCR,PVWR
VA12,PVWR
ADEL,RIAL
ADFL,RIAL
ADFL,RIAL
AIBR,RIAL
AIYL,RIAL
AIYL,RIAL
AIZL,RIAL
AIZL,RIAL
AQR,RIAL
AQR,RIAL
ASHL,RIAL
AUAL,RIAL
AWBL,RIAL
AWBL,RIAL
AWCL,RIAL
AWCL,RIAL
BAGR,RIAL
BAGR,RIAL
CEPVL,RIAL
DVA,RIAL
IL2VL,RIAL
RIAR,RIAL
RIAR,RIAL
RIBL,RIAL
RIBL,RIAL
RIH,RIAL
RIH,RIAL
RIR,RIAL
RIR,RIAL
RIVL,RIAL
RIVL,RIAL
RIVR,RIAL
RIVR,RIAL
RIVR,RIAL
RMDDL,RIAL
RMDDL,RIAL
RMDDR,RIAL
RMDL,RIAL
RMDL,RIAL
RMDL,RIAL
RMDR,RIAL
RMDR,RIAL
RMDR,RIAL
RMDVL,RIAL
RMDVL,RIAL
RMDVR,RIAL
RMDVR,RIAL
SIADL,RIAL
SMDDL,RIAL
SMDDL,RIAL
SMDDL,RIAL
SMDDR,RIAL
SMDDR,RIAL
SMDDR,RIAL
SMDVL,RIAL
SMDVL,RIAL
SMDVL,RIAL
SMDVR,RIAL
SMDVR,RIAL
SMDVR,RIAL
URXL,RIAL
URXL,RIAL
URYVL,RIAL
ADFR,RIAR
ADFR,RIAR
AIYR,RIAR
AIZR,RIAR
AIZR,RIAR
AQR,RIAR
AQR,RIAR
ASEL,RIAR
ASHR,RIAR
AUAR,RIAR
AUAR,RIAR
AWBR,RIAR
BAGL,RIAR
BAGL,RIAR
CEPVR,RIAR
DVA,RIAR
DVA,RIAR
IL1R,RIAR
IL2VR,RIAR
PVPR,RIAR
RIAL,RIAR
RIAL,RIAR
RIBR,RIAR
RIH,RIAR
RIR,RIAR
RIVL,RIAR
RIVL,RIAR
RIVR,RIAR
RIVR,RIAR
RMDDL,RIAR
RMDDL,RIAR
RMDDR,RIAR
RMDDR,RIAR
RMDL,RIAR
RMDL,RIAR
RMDL,RIAR
RMDR,RIAR
RMDR,RIAR
RMDR,RIAR
RMDR,RIAR
RMDVL,RIAR
RMDVR,RIAR
RMDVR,RIAR
SAADR,RIAR
SIADL,RIAR
SIADR,RIAR
SIAVL,RIAR
SMDDL,RIAR
SMDDL,RIAR
SMDDL,RIAR
SMDDL,RIAR
SMDDR,RIAR
SMDDR,RIAR
SMDDR,RIAR
SMDVL,RIAR
SMDVL,RIAR
SMDVL,RIAR
SMDVR,RIAR
SMDVR,RIAR
SMDVR,RIAR
URXR,RIAR
URYVR,RIAR
AIBR,RIBL
AIBR,RIBL
AINL,RIBL
AINR,RIBL
AIYL,RIBL
ASIL,RIBL
AUAL,RIBL
AUAL,RIBL
AUAL,RIBL
AVAL,RIBL
AVAL,RIBL
AVBR,RIBL
AVDR,RIBL
AVEL,RIBL
AVEL,RIBL
AVER,RIBL
AVER,RIBL
BAGL,RIBL
BAGR,RIBL
BAGR,RIBL
BAGR,RIBL
CEPDL,RIBL
DVC,RIBL
IL2DL,RIBL
OLLL,RIBL
RIAL,RIBL
RIAL,RIBL
AVBL,RIBL
AVBR,RIBL
OLQDL,RIBL
OLQVL,RIBL
PVT,RIBL
RIBL,RIBL
RIBR,RIBL
RIGL,RIBL
SIADL,RIBL
SIAVL,RIBL
SIBDL,RIBL
SIBVL,RIBL
SIBVR,RIBL
SMBDL,RIBL
SMDDL,RIBL
SMDVR,RIBL
RIGL,RIBL
RIH,RIBL
RIML,RIBL
RIS,RIBL
RMED,RIBL
SMDVR,RIBL
URYDL,RIBL
URYVL,RIBL
AIBL,RIBR
AIBL,RIBR
AIBL,RIBR
AIBL,RIBR
AINL,RIBR
AIYR,RIBR
AIZR,RIBR
AUAR,RIBR
AUAR,RIBR
AVAR,RIBR
AVEL,RIBR
AVEL,RIBR
AVER,RIBR
AVER,RIBR
BAGL,RIBR
BAGL,RIBR
BAGL,RIBR
BAGL,RIBR
CEPDR,RIBR
DVC,RIBR
OLLR,RIBR
OLLR,RIBR
RIAR,RIBR
AVBL,RIBR
AVBR,RIBR
OLQDR,RIBR
OLQVR,RIBR
PVT,RIBR
RIBL,RIBR
RIBR,RIBR
RIGR,RIBR
SIADR,RIBR
SIAVR,RIBR
SIBDR,RIBR
SIBVR,RIBR
SMBDR,RIBR
SMDDL,RIBR
SMDDR,RIBR
SMDVL,RIBR
RIGR,RIBR
RIGR,RIBR
RIH,RIBR
RIH,RIBR
RIMR,RIBR
RIS,RIBR
RMED,RIBR
SMDDL,RIBR
URYDR,RIBR
URYVR,RIBR
ADAL,RICL
ADAL,RICL
ADAR,RICL
ADAR,RICL
ADLR,RICL
AVAL,RICL
AVAR,RICL
AVKR,RICL
CEPDL,RICL
CEPDL,RICL
CEPDR,RICL
CEPVL,RICL
CEPVL,RICL
CEPVR,RICL
IL2L,RICL
OLQDR,RICL
OLQVL,RICL
ASHL,RICL
AVKL,RICL
AVKR,RICL
AWBR,RICL
RIML,RICL
RIMR,RICL
RIMR,RICL
RIVR,RICL
RMFR,RICL
SMBDL,RICL
SMDDL,RICL
SMDDR,RICL
SMDVR,RICL
URXL,RICL
ADAL,RICR
ADAR,RICR
ADLR,RICR
AVAL,RICR
AVAR,RICR
CEPDL,RICR
CEPDL,RICR
CEPDR,RICR
CEPVL,RICR
CEPVR,RICR
CEPVR,RICR
IL2DR,RICR
OLQDL,RICR
OLQDR,RICR
OLQVR,RICR
ASHR,RICR
AVKL,RICR
SDQL,RICR
SDQR,RICR
SMBDR,RICR
SMDDL,RICR
SMDDR,RICR
SMDVL,RICR
SMDVR,RICR
URBL,RICR
URBR,RICR
AINR,RID
AS02,RID
AVM,RID
DA06,RID
DD01,RID
DD01,RID
DD02,RID
DD02,RID
DD03,RID
PVCL,RID
PVCL,RID
PVCR,RID
PVCR,RID
ALA,RID
AVBL,RID
AVBR,RID
DA09,RID
DB01,RID
PDB,RID
RMGL,RID
VD05,RID
VD13,RID
ADEL,RIFL
AIAL,RIFL
AIBL,RIFL
AIML,RIFL
ALML,RIFL
AVBL,RIFL
AVBR,RIFL
AVHR,RIFL
AVJR,RIFL
HSNL,RIFL
PVNL,RIFL
PVPL,RIFL
AVG,RIFL
VD01,RIFL
RIML,RIFL
AIAR,RIFR
AIMR,RIFR
ASHR,RIFR
ASKR,RIFR
AVBL,RIFR
AVBR,RIFR
AVBR,RIFR
AVFL,RIFR
AVHL,RIFR
AVJL,RIFR
AVJL,RIFR
AVJR,RIFR
AWAR,RIFR
HSNR,RIFR
HSNR,RIFR
HSNR,RIFR
PVCL,RIFR
PVCR,RIFR
PVPR,RIFR
PVQR,RIFR
AVG,RIFR
RIMR,RIFR
RIPR,RIFR
ADEL,RIGL
ADEL,RIGL
ADER,RIGL
ADER,RIGL
ADFL,RIGL
AIZL,RIGL
AIZR,RIGL
ALNL,RIGL
AVAR,RIGL
AVEL,RIGL
AVEL,RIGL
AVER,RIGL
AVHR,RIGL
AVKR,RIGL
BAGL,RIGL
BAGR,RIGL
BAGR,RIGL
BAGR,RIGL
DVC,RIGL
DVC,RIGL
DVC,RIGL
PVPL,RIGL
PVT,RIGL
RIBL,RIGL
AIBR,RIGL
AQR,RIGL
AVKL,RIGL
BAGR,RIGL
OLLL,RIGL
OLQDL,RIGL
OLQVL,RIGL
RIBL,RIGL
RIGR,RIGL
RMEL,RIGL
URYDL,RIGL
URYVL,RIGL
VB02,RIGL
VD01,RIGL
RIR,RIGL
RIR,RIGL
RMFL,RIGL
RMHR,RIGL
URXL,RIGL
URXL,RIGL
ADEL,RIGR
ADEL,RIGR
ADER,RIGR
ADFR,RIGR
ADFR,RIGR
AIBL,RIGR
ALNR,RIGR
AVER,RIGR
AVKL,RIGR
AVKR,RIGR
AWAR,RIGR
BAGL,RIGR
BAGL,RIGR
DVC,RIGR
PVPR,RIGR
PVT,RIGR
RIBR,RIGR
RIBR,RIGR
AIBL,RIGR
AQR,RIGR
AVKR,RIGR
BAGL,RIGR
OLLR,RIGR
OLQDR,RIGR
OLQVR,RIGR
RIBR,RIGR
RIGL,RIGR
URYDR,RIGR
URYVR,RIGR
RIR,RIGR
RMFL,RIGR
RMHL,RIGR
URXR,RIGR
ADEL,RIH
ADER,RIH
ADFR,RIH
AIZL,RIH
AIZR,RIH
AUAR,RIH
BAGR,RIH
CEPDL,RIH
CEPDR,RIH
CEPVL,RIH
CEPVR,RIH
CEPVR,RIH
IL1DL,RIH
IL2L,RIH
IL2L,RIH
IL2R,RIH
IL2R,RIH
IL2VL,RIH
IL2VR,RIH
IL2VR,RIH
OLQDL,RIH
OLQDL,RIH
OLQDR,RIH
OLQVL,RIH
OLQVL,RIH
OLQVR,RIH
OLQVR,RIH
PVT,RIH
RIAL,RIH
RIAL,RIH
RIAR,RIH
RIBL,RIH
RIBR,RIH
RIBR,RIH
CEPDL,RIH
CEPDR,RIH
CEPVL,RIH
CEPVR,RIH
FLPL,RIH
OLQDR,RIH
RIPL,RIH
RIPL,RIH
RIPR,RIH
RIPR,RIH
RMER,RIH
RMEV,RIH
URYVL,RIH
URYVR,RIH
ADAL,RIML
AIBL,RIML
AIBR,RIML
AIBR,RIML
AIZL,RIML
ASHL,RIML
AVAL,RIML
AVBL,RIML
AVBR,RIML
AVKL,RIML
AVKR,RIML
HSNL,RIML
RIBL,RIML
RICL,RIML
RIFL,RIML
AIBR,RIML
AIYL,RIML
AVAR,RIML
AVEL,RIML
AVER,RIML
RIS,RIML
RIS,RIML
RMDL,RIML
RMDR,RIML
RMFR,RIML
SAADL,RIML
SAADL,RIML
SAADR,RIML
SAADR,RIML
SAADR,RIML
SAAVL,RIML
SAAVL,RIML
SAAVR,RIML
SAAVR,RIML
SMDDR,RIML
SMDDR,RIML
SMDVL,RIML
VB01,RIML
ADAR,RIMR
ADAR,RIMR
AIBL,RIMR
AIBL,RIMR
AIBL,RIMR
AIBR,RIMR
AIZR,RIMR
AIZR,RIMR
AVAL,RIMR
AVBL,RIMR
AVBR,RIMR
AVBR,RIMR
AVHL,RIMR
AVJL,RIMR
AVKL,RIMR
AVKL,RIMR
AVKR,RIMR
DVA,RIMR
PVPR,RIMR
RIBR,RIMR
RICL,RIMR
RICL,RIMR
RIFR,RIMR
AIBL,RIMR
AIYR,RIMR
AVAL,RIMR
AVAR,RIMR
AVEL,RIMR
AVER,RIMR
RIS,RIMR
RIS,RIMR
RIS,RIMR
RIS,RIMR
RMDL,RIMR
RMDL,RIMR
RMDR,RIMR
RMDR,RIMR
RMFL,RIMR
RMFR,RIMR
SAADL,RIMR
SAADL,RIMR
SAADR,RIMR
SAADR,RIMR
SAAVL,RIMR
SAAVL,RIMR
SAAVL,RIMR
SAAVR,RIMR
SAAVR,RIMR
SMDDL,RIMR
SMDDR,RIMR
ADAL,RIPL
ADLL,RIPL
ASHL,RIPL
CEPDL,RIPL
CEPVL,RIPL
IL1DL,RIPL
IL1VL,RIPL
IL2DL,RIPL
IL2VL,RIPL
OLQDL,RIPL
OLQDR,RIPL
OLQVL,RIPL
PVR,RIPL
RIH,RIPL
RIH,RIPL
RMED,RIPL
URADL,RIPL
URAVL,RIPL
ADAR,RIPR
CEPVR,RIPR
IL1DR,RIPR
IL1VR,RIPR
IL1VR,RIPR
IL2DR,RIPR
IL2VR,RIPR
IL2VR,RIPR
OLQDL,RIPR
OLQDR,RIPR
OLQVR,RIPR
PVR,RIPR
RIFR,RIPR
RIH,RIPR
RIH,RIPR
RMED,RIPR
URADR,RIPR
URAVR,RIPR
URXR,RIPR
ADFL,RIR
ADFR,RIR
AFDR,RIR
AIZL,RIR
AIZL,RIR
AIZR,RIR
AIZR,RIR
AUAL,RIR
AVHL,RIR
AVHR,RIR
AVHR,RIR
AWAR,RIR
AWBR,RIR
AWBR,RIR
BAGR,RIR
DVA,RIR
DVA,RIR
HSNL,RIR
PVPL,RIR
RIAL,RIR
RIAL,RIR
RIAR,RIR
RIGL,RIR
RIGL,RIR
RIGR,RIR
BAGL,RIR
BAGR,RIR
RMGR,RIR
URXL,RIR
URXR,RIR
URXR,RIR
AVEL,RIS
AVER,RIS
AVJL,RIS
AVKL,RIS
AVKR,RIS
AVL,RIS
CEPDL,RIS
CEPDR,RIS
CEPDR,RIS
CEPVL,RIS
CEPVR,RIS
OLLR,RIS
PVCL,RIS
RIBL,RIS
RIBR,RIS
RIML,RIS
RIMR,RIS
RIMR,RIS
RIMR,RIS
AIBR,RIS
AVJL,RIS
DB01,RIS
RIML,RIS
RIMR,RIS
SMDDL,RIS
SMDDR,RIS
SMDVL,RIS
RMDDL,RIS
RMDL,RIS
RMDR,RIS
RMDR,RIS
RMDR,RIS
SDQL,RIS
SDQL,RIS
SMDDR,RIS
SMDVR,RIS
URYVL,RIS
URYVR,RIS
ADEL,RIVL
CEPVR,RIVL
RIAL,RIVL
RIAL,RIVL
RIAR,RIVL
RIAR,RIVL
AIBL,RIVL
RIVR,RIVL
SDQR,RIVL
SMDVL,RIVL
RMDL,RIVL
SAADR,RIVL
SIAVR,RIVL
SMDDR,RIVL
SMDVL,RIVL
ADAR,RIVR
ADEL,RIVR
RIAL,RIVR
RIAL,RIVR
RIAL,RIVR
RIAR,RIVR
RIAR,RIVR
RICL,RIVR
AIBR,RIVR
RIVL,RIVR
SDQR,RIVR
RMDDL,RIVR
SMDVR,RIVR
RMDR,RIVR
RMDVR,RIVR
RMEV,RIVR
SAADL,RIVR
SIAVL,RIVR
SMDDL,RIVR
SMDVR,RIVR
SMDVR,RIVR
ALMR,RMDDL
CEPDR,RMDDL
CEPVL,RMDDL
IL1L,RMDDL
IL1R,RMDDL
IL1VL,RMDDL
OLLL,RMDDL
OLQDR,RMDDL
OLQDR,RMDDL
RIAL,RMDDL
RIAL,RMDDL
RIAR,RMDDL
RIAR,RMDDL
RIS,RMDDL
RIVR,RMDDL
OLQVL,RMDDL
RMDL,RMDDL
RMDVL,RMDDL
SMDDL,RMDDL
RMDR,RMDDL
RMDVR,RMDDL
RMDVR,RMDDL
RMDVR,RMDDL
SMDVR,RMDDL
SMDVR,RMDDL
URYDR,RMDDL
URYVL,RMDDL
ALML,RMDDR
CEPVR,RMDDR
IL1DL,RMDDR
IL1R,RMDDR
IL1VR,RMDDR
OLLR,RMDDR
OLQDL,RMDDR
OLQDL,RMDDR
RIAL,RMDDR
RIAR,RMDDR
RIAR,RMDDR
OLQVR,RMDDR
RMDVR,RMDDR
SAADR,RMDDR
RMDL,RMDDR
SMDDR,RMDDR
RMDVL,RMDDR
RMDVL,RMDDR
RMDVL,RMDDR
SMDVL,RMDDR
URBL,RMDDR
URYDL,RMDDR
URYDL,RMDDR
URYDL,RMDDR
URYVR,RMDDR
ADEL,RMDL
ADEL,RMDL
IL1L,RMDL
IL1R,RMDL
IL1R,RMDL
IL2L,RMDL
IL2L,RMDL
IL2R,RMDL
IL2R,RMDL
OLLL,RMDL
OLLR,RMDL
OLLR,RMDL
RIAL,RMDL
RIAL,RMDL
RIAL,RMDL
RIAR,RMDL
RIAR,RMDL
RIAR,RMDL
RIML,RMDL
RIMR,RMDL
RIMR,RMDL
RIS,RMDL
RIVL,RMDL
RMDDR,RMDL
RMDR,RMDL
RMDR,RMDL
RMDDL,RMDL
RMDVL,RMDL
RMER,RMDL
RMFL,RMDL
RMFR,RMDL
RMGL,RMDL
RMGR,RMDL
URBR,RMDL
ADER,RMDR
ALA,RMDR
AVKL,RMDR
AVKR,RMDR
IL1L,RMDR
IL1R,RMDR
IL2L,RMDR
RIAL,RMDR
RIAL,RMDR
RIAL,RMDR
RIAR,RMDR
RIAR,RMDR
RIAR,RMDR
RIAR,RMDR
RIML,RMDR
RIMR,RMDR
RIMR,RMDR
RIS,RMDR
RIS,RMDR
RIS,RMDR
RIVR,RMDR
RMDDL,RMDR
RMDL,RMDR
RMDL,RMDR
RMDVR,RMDR
RMFL,RMDR
RMGL,RMDR
RMGL,RMDR
RMGR,RMDR
RMHL,RMDR
URBR,RMDR
URXR,RMDR
CEPDL,RMDVL
CEPDL,RMDVL
IL1DL,RMDVL
IL1L,RMDVL
IL1R,RMDVL
OLLL,RMDVL
OLQVR,RMDVL
RIAL,RMDVL
RIAL,RMDVL
RIAR,RMDVL
RMDDR,RMDVL
RMDDR,RMDVL
RMDDR,RMDVL
AVER,RMDVL
OLQDL,RMDVL
RMDDL,RMDVL
RMDL,RMDVL
RMDVR,RMDVL
SAAVL,RMDVL
SMDVL,RMDVL
RMGL,RMDVL
URAVR,RMDVL
URYDL,RMDVL
URYDL,RMDVL
URYVR,RMDVL
URYVR,RMDVL
CEPDR,RMDVR
IL1DR,RMDVR
IL1L,RMDVR
IL1R,RMDVR
OLLR,RMDVR
OLQVL,RMDVR
OLQVL,RMDVR
RIAL,RMDVR
RIAL,RMDVR
RIAR,RMDVR
RIAR,RMDVR
RIVR,RMDVR
RMDDL,RMDVR
RMDDL,RMDVR
RMDDL,RMDVR
AVEL,RMDVR
AVER,RMDVR
OLQDR,RMDVR
RMDDR,RMDVR
RMDR,RMDVR
RMDVL,RMDVR
SAAVR,RMDVR
SMDVR,RMDVR
RMGR,RMDVR
SIBDR,RMDVR
SIBVR,RMDVR
URADR,RMDVR
URYDR,RMDVR
URYDR,RMDVR
URYVL,RMDVR
IL2DR,RMED
RIBL,RMED
RIBR,RMED
IL1VL,RMED
RIPL,RMED
RIPR,RMED
RMEV,RMED
SMBDL,RMED
SMBDR,RMED
URADR,RMED
IL1R,RMEL
IL2DL,RMEL
IL2DR,RMEL
IL2R,RMEL
IL2VL,RMEL
IL2VL,RMEL
IL2VR,RMEL
OLLL,RMEL
RIGL,RMEL
RMEV,RMEL
URADL,RMEL
URAVL,RMEL
IL1L,RMER
IL1VR,RMER
IL2DL,RMER
IL2DR,RMER
IL2L,RMER
IL2VL,RMER
IL2VR,RMER
OLLR,RMER
OLQVR,RMER
RIH,RMER
RMDL,RMER
RMEV,RMER
RMHR,RMER
URADR,RMER
URAVL,RMER
URAVR,RMER
IL2DR,RMEV
IL2L,RMEV
IL2R,RMEV
IL2VL,RMEV
IL2VR,RMEV
PVT,RMEV
RIH,RMEV
RIVR,RMEV
AVEL,RMEV
AVER,RMEV
IL1DL,RMEV
IL1DR,RMEV
RMED,RMEV
RMEL,RMEV
RMER,RMEV
SMBVL,RMEV
SMBVL,RMEV
SMBVR,RMEV
SMDDR,RMEV
URAVL,RMEV
URAVR,RMEV
AVKL,RMFL
AVKR,RMFL
AVKR,RMFL
DVC,RMFL
PVT,RMFL
PVT,RMFL
RIGL,RMFL
RIGR,RMFL
RIMR,RMFL
RMDL,RMFL
RMDR,RMFL
URBR,RMFL
RMGR,RMFL
SAADR,RMFL
SDQL,RMFL
VB01,RMFL
AVKL,RMFR
AVKL,RMFR
AVKR,RMFR
DVC,RMFR
PVT,RMFR
PVT,RMFR
RICL,RMFR
RIML,RMFR
RIMR,RMFR
RMDL,RMFR
SAAVL,RMFR
ADAL,RMGL
ADEL,RMGL
AIAL,RMGL
AIBR,RMGL
ALML,RMGL
ALML,RMGL
ALNL,RMGL
ASHL,RMGL
AVAL,RMGL
AVBR,RMGL
AVEL,RMGL
CEPDL,RMGL
CEPDL,RMGL
CEPDL,RMGL
PVQL,RMGL
RID,RMGL
RMDL,RMGL
RMDR,RMGL
RMDR,RMGL
RMDVL,RMGL
ADLL,RMGL
ASHL,RMGL
ASKL,RMGL
AWBL,RMGL
IL2L,RMGL
RMHL,RMGL
URXL,RMGL
RMHR,RMGL
RMHR,RMGL
SAADR,RMGL
SIAVL,RMGL
SIBVL,RMGL
SIBVR,RMGL
SMBVL,RMGL
SMBVL,RMGL
URXL,RMGL
URXL,RMGL
ADAR,RMGR
AIMR,RMGR
AIMR,RMGR
AIMR,RMGR
ALNR,RMGR
ASHR,RMGR
ASHR,RMGR
AVAR,RMGR
AVBR,RMGR
AVDL,RMGR
AVER,RMGR
AVJL,RMGR
CEPDR,RMGR
HSNR,RMGR
PVPR,RMGR
RIR,RMGR
RMDL,RMGR
RMDR,RMGR
RMDVR,RMGR
RMFL,RMGR
ASHR,RMGR
ASKR,RMGR
AWBR,RMGR
IL2R,RMGR
RMHR,RMGR
URXR,RMGR
SAADL,RMGR
URXR,RMGR
URXR,RMGR
ADEL,RMHL
CEPDR,RMHL
CEPVL,RMHL
IL1R,RMHL
RIGR,RMHL
RMDR,RMHL
RMGL,RMHL
SIBVR,RMHL
SDQR,RMHL
ALNR,RMHR
CEPDL,RMHR
CEPDL,RMHR
CEPDR,RMHR
CEPVR,RMHR
OLQDR,RMHR
RIGL,RMHR
RMER,RMHR
RMGL,RMHR
RMGL,RMHR
RMGR,RMHR
SDQR,RMHR
AIBL,SAADL
AIBL,SAADL
AIBR,SAADL
AVAL,SAADL
AVKR,SAADL
BDUL,SAADL
PLNL,SAADL
RIML,SAADL
RIML,SAADL
RIMR,SAADL
RIMR,SAADL
RIVR,SAADL
RMGR,SAADL
SMBDL,SAADL
SMBVL,SAADL
VB01,SAADL
VB01,SAADL
AIBL,SAADR
AIBR,SAADR
AVAR,SAADR
AVKL,SAADR
DVA,SAADR
OLLL,SAADR
PLNR,SAADR
RIAR,SAADR
RIML,SAADR
RIML,SAADR
RIML,SAADR
RIMR,SAADR
RIMR,SAADR
RIVL,SAADR
RMFL,SAADR
RMGL,SAADR
RMDDR,SAADR
SMBVR,SAADR
VB01,SAADR
VB01,SAADR
AIBL,SAAVL
ALNL,SAAVL
ALNL,SAAVL
AVAL,SAAVL
AVAL,SAAVL
DVA,SAAVL
OLLR,SAAVL
RIML,SAAVL
RIML,SAAVL
RIMR,SAAVL
RIMR,SAAVL
RIMR,SAAVL
RMFR,SAAVL
RMDVL,SAAVL
SMBVR,SAAVL
SMBDR,SAAVL
SMDDR,SAAVL
ADER,SAAVR
ALNR,SAAVR
AVAR,SAAVR
AVAR,SAAVR
DVA,SAAVR
RIML,SAAVR
RIML,SAAVR
RIMR,SAAVR
RIMR,SAAVR
RMDVR,SAAVR
SMBVL,SAAVR
SMBDL,SAAVR
SMBDL,SAAVR
SMDDL,SAAVR
AVAR,SABD
AVDL,SABD
AVDL,SABD
AVDR,SABD
AVEL,SABD
AVER,SABD
AVL,SABD
AVL,SABD
DVA,SABD
HSNR,SABD
PVR,SABD
AVAL,SABD
VA02,SABD
VA03,SABD
VA04,SABD
VA02,SABD
VB01,SABD
AVAR,SABVL
AVAR,SABVL
AVDL,SABVL
AVDR,SABVL
AVEL,SABVL
AVER,SABVL
AVJR,SABVL
AVL,SABVL
HSNL,SABVL
AVAR,SABVL
DA01,SABVL
DA02,SABVL
AVDL,SABVR
AVDR,SABVR
AVEL,SABVR
AVER,SABVR
AVL,SABVR
HSNR,SABVR
AVAL,SABVR
AVAR,SABVR
DA01,SABVR
AIBR,SDQL
ALML,SDQL
ALML,SDQL
AVAL,SDQL
AVAL,SDQL
AVAR,SDQL
AVEL,SDQL
BDUR,SDQL
FLPL,SDQL
RICR,SDQL
RIS,SDQL
RIS,SDQL
RMFL,SDQL
SDQR,SDQL
ADLL,SDQR
AIBL,SDQR
AVAL,SDQR
AVBL,SDQR
AVBL,SDQR
AVBR,SDQR
DVA,SDQR
RICR,SDQR
RMHL,SDQR
RMHR,SDQR
AVAL,SDQR
AVBL,SDQR
RIVL,SDQR
RIVR,SDQR
SDQL,SDQR
SIBVL,SDQR
ALMR,SIADL
CEPDR,SIADL
RIAL,SIADL
RIAR,SIADL
RIBL,SIADL
ADEL,SIADR
CEPDL,SIADR
CEPDL,SIADR
RIAR,SIADR
RIBR,SIADR
CEPVL,SIAVL
CEPVL,SIAVL
RIAR,SIAVL
RIVR,SIAVL
RMGL,SIAVL
RIBL,SIAVL
URBL,SIAVL
AVKL,SIAVR
CEPVR,SIAVR
RIVL,SIAVR
RIBR,SIAVR
URBR,SIAVR
URXR,SIAVR
OLQVL,SIBDL
RIBL,SIBDL
SIBVL,SIBDL
ADEL,SIBDR
OLQVR,SIBDR
RMDVR,SIBDR
AIML,SIBDR
RIBR,SIBDR
SIBVR,SIBDR
URYVR,SIBDR
AVM,SIBVL
OLQDL,SIBVL
PVCL,SIBVL
RMGL,SIBVL
AVBL,SIBVL
AVBR,SIBVL
RIBL,SIBVL
SDQR,SIBVL
SIBDL,SIBVL
URYVR,SIBVL
OLQDR,SIBVR
PVCR,SIBVR
RMDVR,SIBVR
RMGL,SIBVR
RIBL,SIBVR
RIBR,SIBVR
RMHL,SIBVR
SIBDR,SIBVR
URYVL,SIBVR
AIZL,SMBDL
AIZL,SMBDL
ALNR,SMBDL
AVAR,SMBDL
AVHR,SMBDL
AVKR,SMBDL
AWBL,SMBDL
DVA,SMBDL
RICL,SMBDL
RMED,SMBDL
SAAVR,SMBDL
SAAVR,SMBDL
AVKL,SMBDL
AVKR,SMBDL
RIBL,SMBDL
SAADL,SMBDL
URBR,SMBDL
ADEL,SMBDR
ADFR,SMBDR
AIZR,SMBDR
ALNL,SMBDR
AVAL,SMBDR
AVHL,SMBDR
CEPDL,SMBDR
CEPDR,SMBDR
DVA,SMBDR
PVT,SMBDR
RICR,SMBDR
RMED,SMBDR
SAAVL,SMBDR
ALNL,SMBDR
AVKL,SMBDR
AVKR,SMBDR
RIBR,SMBDR
URBL,SMBDR
ADFL,SMBVL
AIML,SMBVL
AIZL,SMBVL
AVHR,SMBVL
DVA,SMBVL
PLNL,SMBVL
PLNL,SMBVL
PLNL,SMBVL
RMEV,SMBVL
RMEV,SMBVL
RMGL,SMBVL
RMGL,SMBVL
SAADL,SMBVL
SAAVR,SMBVL
ADFR,SMBVR
AIZR,SMBVR
AVHL,SMBVR
AWBR,SMBVR
DVA,SMBVR
PLNR,SMBVR
PLNR,SMBVR
RMEV,SMBVR
SAADR,SMBVR
AVKL,SMBVR
AVKR,SMBVR
SAAVL,SMBVR
AIBR,SMDDL
AIBR,SMDDL
AVKR,SMDDL
OLLL,SMDDL
OLLL,SMDDL
RIAL,SMDDL
RIAL,SMDDL
RIAL,SMDDL
RIAR,SMDDL
RIAR,SMDDL
RIAR,SMDDL
RIAR,SMDDL
RIBR,SMDDL
RICL,SMDDL
RICR,SMDDL
RIMR,SMDDL
RIVR,SMDDL
SAAVR,SMDDL
RIBL,SMDDL
RIBR,SMDDL
RIS,SMDDL
RMDDL,SMDDL
SMDVR,SMDDL
SMDVR,SMDDL
URYDL,SMDDL
URYDR,SMDDL
URYDR,SMDDL
AIBL,SMDDR
AIZR,SMDDR
ALNR,SMDDR
AVKL,SMDDR
AVKR,SMDDR
OLLL,SMDDR
OLLL,SMDDR
OLLR,SMDDR
RIAL,SMDDR
RIAL,SMDDR
RIAL,SMDDR
RIAR,SMDDR
RIAR,SMDDR
RIAR,SMDDR
RICL,SMDDR
RICR,SMDDR
RIML,SMDDR
RIML,SMDDR
RIMR,SMDDR
RIS,SMDDR
RIVL,SMDDR
RMEV,SMDDR
SAAVL,SMDDR
RIBR,SMDDR
RIS,SMDDR
RMDDR,SMDDR
VD01,SMDDR
SMDVL,SMDDR
URYDL,SMDDR
URYDL,SMDDR
ADAR,SMDVL
AIBR,SMDVL
ALNL,SMDVL
ALNR,SMDVL
OLLR,SMDVL
PVR,SMDVL
RIAL,SMDVL
RIAL,SMDVL
RIAL,SMDVL
RIAR,SMDVL
RIAR,SMDVL
RIAR,SMDVL
RICR,SMDVL
RIML,SMDVL
RIVL,SMDVL
RMDDR,SMDVL
SMDDR,SMDVL
RIBR,SMDVL
RIS,SMDVL
RIVL,SMDVL
RMDVL,SMDVL
SMDVR,SMDVL
URYVR,SMDVL
ADAL,SMDVR
OLLL,SMDVR
OLLR,SMDVR
RIAL,SMDVR
RIAL,SMDVR
RIAL,SMDVR
RIAR,SMDVR
RIAR,SMDVR
RIAR,SMDVR
RIBL,SMDVR
RICL,SMDVR
RICR,SMDVR
RIS,SMDVR
RIVR,SMDVR
RIVR,SMDVR
RMDDL,SMDVR
RMDDL,SMDVR
SMDDL,SMDVR
SMDDL,SMDVR
RIBL,SMDVR
RIVR,SMDVR
RMDVR,SMDVR
SMDVL,SMDVR
VB01,SMDVR
URYVL,SMDVR
URYVL,SMDVR
BDUL,URADL
CEPDL,URADL
IL1DL,URADL
IL2DL,URADL
IL2DL,URADL
PVR,URADL
RIPL,URADL
RMEL,URADL
BDUR,URADR
CEPDR,URADR
IL1DR,URADR
IL2DR,URADR
RIPR,URADR
RMDVR,URADR
RMED,URADR
RMER,URADR
URYDR,URADR
CEPVL,URAVL
IL2VL,URAVL
RIPL,URAVL
RMEL,URAVL
RMER,URAVL
RMEV,URAVL
CEPVR,URAVR
IL1R,URAVR
IL2VR,URAVR
RIPR,URAVR
RMDVL,URAVR
RMER,URAVR
RMEV,URAVR
ADEL,URBL
AVBL,URBL
CEPDL,URBL
CEPDL,URBL
IL1L,URBL
RICR,URBL
RMDDR,URBL
SIAVL,URBL
SMBDR,URBL
OLQDL,URBL
OLQVL,URBL
URXL,URBL
URXL,URBL
VC05,URBL
ADAR,URBR
AVBR,URBR
CEPDR,URBR
CEPDR,URBR
IL1R,URBR
IL2R,URBR
IL2R,URBR
RICR,URBR
RMDL,URBR
RMDR,URBR
SIAVR,URBR
SMBDL,URBR
OLQDR,URBR
OLQVR,URBR
RMFL,URBR
URXR,URBR
URXR,URBR
AQR,URXL
ASHL,URXL
AUAL,URXL
AUAL,URXL
AVBL,URXL
AVEL,URXL
AVEL,URXL
AVJR,URXL
IL2L,URXL
RIAL,URXL
RIAL,URXL
RICL,URXL
RIGL,URXL
RIGL,URXL
RIR,URXL
RMGL,URXL
RMGL,URXL
URBL,URXL
URBL,URXL
RMGL,URXL
ADFR,URXR
AUAR,URXR
AUAR,URXR
AUAR,URXR
AVBL,URXR
AVBR,URXR
AVER,URXR
IL1R,URXR
IL2VR,URXR
OLQVR,URXR
RIAR,URXR
RIGR,URXR
RIPR,URXR
RIR,URXR
RIR,URXR
RMDR,URXR
RMGR,URXR
RMGR,URXR
SIAVR,URXR
URBR,URXR
URBR,URXR
IL2R,URXR
RMGR,URXR
AVER,URYDL
CEPDL,URYDL
IL1DL,URYDL
OLLL,URYDL
RIBL,URYDL
RMDDR,URYDL
RMDDR,URYDL
RMDDR,URYDL
RMDVL,URYDL
RMDVL,URYDL
SMDDL,URYDL
SMDDR,URYDL
SMDDR,URYDL
AVAL,URYDL
RIGL,URYDL
AVEL,URYDR
AVER,URYDR
CEPDR,URYDR
RIBR,URYDR
RMDDL,URYDR
RMDVR,URYDR
RMDVR,URYDR
SMDDL,URYDR
SMDDL,URYDR
URADR,URYDR
AVAR,URYDR
RIGR,URYDR
AVBR,URYVL
AVER,URYVL
IL1VL,URYVL
IL1VL,URYVL
RIAL,URYVL
RIBL,URYVL
RIH,URYVL
RIS,URYVL
RMDDL,URYVL
RMDVR,URYVL
SIBVR,URYVL
SMDVR,URYVL
SMDVR,URYVL
AVAR,URYVL
RIGL,URYVL
AVAL,URYVR
AVEL,URYVR
IL1VR,URYVR
RIAR,URYVR
RIBR,URYVR
RIH,URYVR
RIS,URYVR
RMDDR,URYVR
RMDVL,URYVR
RMDVL,URYVR
SIBDR,URYVR
SIBVL,URYVR
SMDVL,URYVR
AVAL,URYVR
RIGR,URYVR
AVEL,VA01
AVER,VA01
AVM,VA01
DD01,VA01
AVAL,VA01
DA02,VA01
VB01,VA01
VD01,VA01
VD01,VA01
AVAL,VA02
AVAL,VA02
AVAR,VA02
AVBL,VA02
AVDR,VA02
AVER,VA02
DD01,VA02
DVA,VA02
SABD,VA02
AVAL,VA02
SABD,VA02
VD01,VA02
VD02,VA02
VA03,VA02
VA03,VA02
VB01,VA02
VB02,VA02
VD01,VA02
VD02,VA02
VD02,VA02
AVAL,VA03
AVAR,VA03
AVDR,VA03
AVEL,VA03
AVEL,VA03
AVER,VA03
DD01,VA03
DD01,VA03
DD02,VA03
VA02,VA03
AS01,VA03
AVAL,VA03
AVAR,VA03
SABD,VA03
VA04,VA03
VB01,VA03
VD02,VA03
VD03,VA03
VD03,VA03
AVAL,VA04
AVAR,VA04
AVBR,VA04
AVDL,VA04
AVER,VA04
DD02,VA04
VA03,VA04
AS02,VA04
AVAL,VA04
AVAR,VA04
DA05,VA04
SABD,VA04
VB03,VA04
VB03,VA04
VB03,VA04
VD04,VA04
AVAL,VA05
AVAR,VA05
AVDL,VA05
AVDL,VA05
AVER,VA05
DD02,VA05
DD03,VA05
DD03,VA05
AS03,VA05
AVAL,VA05
AVAR,VA05
DA05,VA05
VD05,VA05
VD05,VA05
AVAL,VA06
AVAR,VA06
AVDR,VA06
DD03,VA06
DD03,VA06
HSNR,VA06
AVAL,VA06
AVAR,VA06
VB05,VA06
VD05,VA06
VD06,VA06
VD06,VA06
AVBL,VA07
DD03,VA07
DD04,VA07
AS05,VA07
AVAL,VA07
AVAR,VA07
VB03,VA07
VD07,VA07
AVAL,VA08
AVAR,VA08
AVAR,VA08
DD04,VA08
DD04,VA08
AS06,VA08
AVAL,VA08
AVAR,VA08
AVBR,VA08
PDER,VA08
PVCR,VA08
VA08,VA08
VB08,VA08
VB09,VA08
VD08,VA08
VA09,VA08
VB06,VA08
VB06,VA08
VB08,VA08
VD07,VA08
VD08,VA08
VD08,VA08
VD08,VA08
AVAL,VA09
AVAR,VA09
AVAR,VA09
AVBR,VA09
DD04,VA09
DD05,VA09
PDEL,VA09
PVDR,VA09
PVT,VA09
VA08,VA09
AVAL,VA09
AVBR,VA09
DVB,VA09
DVC,VA09
PVCR,VA09
VB08,VA09
VB09,VA09
VD07,VA09
VB08,VA09
VB08,VA09
VB08,VA09
VD09,VA09
VD09,VA09
AVAL,VA10
AVAR,VA10
AVBL,VA10
AVAL,VA10
AVAR,VA10
AVAL,VA11
AVAR,VA11
AVDR,VA11
AVG,VA11
DD06,VA11
PVNR,VA11
AVAL,VA11
AVAR,VA11
VA12,VA11
VB10,VA11
VD11,VA11
VD12,VA11
VD12,VA11
VD12,VA11
AS11,VA12
AVAL,VA12
DA08,VA12
DA09,VA12
DA09,VA12
DB07,VA12
DD06,VA12
DVA,VA12
LUAL,VA12
PHBL,VA12
PHBR,VA12
PHCL,VA12
PHCR,VA12
PVCL,VA12
PVCR,VA12
PVWL,VA12
PVWR,VA12
VA11,VA12
AVAR,VA12
PHCL,VA12
PHCR,VA12
VB11,VA12
VB11,VA12
VD12,VA12
VD12,VA12
VD13,VA12
VD13,VA12
VD13,VA12
AIBR,VB01
AIBR,VB01
AVFL,VB01
AVFL,VB01
DD01,VB01
DVA,VB01
DVA,VB01
FLPR,VB01
FLPR,VB01
RIML,VB01
RMFL,VB01
SAADL,VB01
SAADL,VB01
SAADR,VB01
SAADR,VB01
SABD,VB01
VA01,VB01
VA02,VB01
VA03,VB01
AVBL,VB01
AVKL,VB01
DB02,VB01
SMDVR,VB01
VB02,VB01
VD01,VB01
VD02,VB01
AIZL,VB02
AVBL,VB02
DD01,VB02
DD01,VB02
DD02,VB02
VA02,VB02
AVBL,VB02
AVBR,VB02
DB04,VB02
RIGL,VB02
VB01,VB02
VB03,VB02
VB05,VB02
VB07,VB02
VC02,VB02
VD02,VB02
VD02,VB02
VD03,VB02
VD03,VB02
DD02,VB03
DD02,VB03
PVCL,VB03
VA04,VB03
VA04,VB03
AVBR,VB03
DB01,VB03
VA07,VB03
VB02,VB03
DD02,VB04
DD02,VB04
DD03,VB04
DD03,VB04
PVCL,VB04
PVCR,VB04
AVBL,VB04
AVBR,VB04
DB01,VB04
DB04,VB04
VB05,VB04
VD05,VB04
DD03,VB05
DD03,VB05
PVCL,VB05
VA06,VB05
AVBL,VB05
VB02,VB05
VB04,VB05
VB06,VB05
VD06,VB05
VD06,VB05
VD06,VB05
DD04,VB06
PVCL,VB06
PVCR,VB06
VA08,VB06
VA08,VB06
AVBL,VB06
AVBR,VB06
DA04,VB06
VB05,VB06
VB07,VB06
VD06,VB06
VD07,VB06
DD04,VB07
PVCR,VB07
VB06,VB07
AVBL,VB07
AVBR,VB07
VB02,VB07
DD05,VB08
DD05,VB08
DD05,VB08
PVCL,VB08
PVCR,VB08
VA08,VB08
VA09,VB08
VA09,VB08
VA09,VB08
AVBL,VB08
AVBR,VB08
VA08,VB08
VA09,VB08
VB09,VB08
VB09,VB08
VB09,VB08
VB09,VB08
VD09,VB08
VD09,VB08
VD10,VB08
DD05,VB09
DD05,VB09
VB08,VB09
VB08,VB09
AVAL,VB09
AVAR,VB09
AVBL,VB09
AVBR,VB09
DVB,VB09
PVCL,VB09
VA08,VB09
VA09,VB09
VB08,VB09
VD10,VB09
VD10,VB09
VD10,VB09
DD06,VB10
PVCL,VB10
PVCR,VB10
PVT,VB10
VA11,VB10
AVBL,VB10
AVBR,VB10
AVKL,VB10
PVCL,VB10
VD11,VB10
VD11,VB10
VD12,VB10
VD12,VB10
DD06,VB11
DD06,VB11
DVA,VB11
PVCL,VB11
PVCR,VB11
VA12,VB11
AVBL,VB11
AVBR,VB11
VA12,VB11
VD12,VB11
AVL,VC01
DD01,VC01
DD01,VC01
DD02,VC01
DD02,VC01
DD03,VC01
DD03,VC01
DVC,VC01
PVT,VC01
VC02,VC01
VC03,VC01
VC02,VC01
VC02,VC01
VD01,VC01
VC03,VC01
VC03,VC01
VC04,VC01
VD01,VC01
VD01,VC01
VD02,VC01
VD03,VC01
VD04,VC01
VD05,VC01
VD05,VC01
VD06,VC01
DB04,VC02
DD01,VC02
DD01,VC02
DD02,VC02
DD03,VC02
DD03,VC02
DVC,VC02
HSNR,VC02
HSNR,VC02
PVCR,VC02
PVNR,VC02
PVNR,VC02
PVQR,VC02
PVT,VC02
VB02,VC02
VC01,VC02
VC01,VC02
VC01,VC02
VC03,VC02
VC03,VC02
VC03,VC02
VD01,VC02
VD02,VC02
VD02,VC02
VD04,VC02
VD04,VC02
VD05,VC02
VD06,VC02
AVBL,VC03
AVL,VC03
DD01,VC03
DD01,VC03
DD02,VC03
DD03,VC03
DD03,VC03
DD04,VC03
DD04,VC03
DVC,VC03
HSNR,VC03
HSNR,VC03
PVNR,VC03
PVNR,VC03
PVPR,VC03
PVQR,VC03
VC01,VC03
VC01,VC03
VC02,VC03
VC02,VC03
DD04,VC03
VC01,VC03
VC02,VC03
VC04,VC03
VC05,VC03
VC04,VC03
VC05,VC03
VD01,VC03
VD02,VC03
VD03,VC03
VD04,VC03
VD05,VC03
VD05,VC03
VD06,VC03
VD06,VC03
VD07,VC03
AVBL,VC04
AVHR,VC04
VC01,VC04
VC03,VC04
VC03,VC04
AVFR,VC04
VC03,VC04
VC05,VC04
VC05,VC04
VC05,VC04
AVFL,VC05
AVFR,VC05
DVC,VC05
HSNL,VC05
HSNL,VC05
OLLR,VC05
PVT,VC05
URBL,VC05
VC03,VC05
VC04,VC05
VC04,VC05
VC03,VC05
VC04,VC05
AS01,VD01
AVHL,VD01
DA01,VD01
DA02,VD01
DB01,VD01
DD01,VD01
PVQR,VD01
VA01,VD01
VA01,VD01
VA02,VD01
VB01,VD01
VC01,VD01
VC02,VD01
VC03,VD01
DD01,VD01
DVC,VD01
RIFL,VD01
RIGL,VD01
SMDDR,VD01
VA02,VD01
VC01,VD01
VD02,VD01
AS02,VD02
AS03,VD02
AVEL,VD02
DA01,VD02
DA02,VD02
DB01,VD02
DD01,VD02
DD01,VD02
VA02,VD02
VA02,VD02
VA03,VD02
VB01,VD02
VB02,VD02
VB02,VD02
VC01,VD02
VC02,VD02
VC03,VD02
AS01,VD02
DD01,VD02
VA02,VD02
VD01,VD02
VD03,VD02
AS03,VD03
AVBR,VD03
AVEL,VD03
DA02,VD03
DA03,VD03
DB01,VD03
DB02,VD03
DD02,VD03
VA03,VD03
VA03,VD03
VB02,VD03
VB02,VD03
VC01,VD03
VC03,VD03
PVPL,VD03
VD02,VD03
VD04,VD03
AS04,VD04
DA03,VD04
DA04,VD04
DA06,VD04
DB02,VD04
DB03,VD04
DD02,VD04
HSNR,VD04
VA04,VD04
VC01,VD04
VC02,VD04
VC03,VD04
DD02,VD04
PVPR,VD04
VD03,VD04
VD05,VD04
AS05,VD05
AVAR,VD05
DA04,VD05
DA05,VD05
DA06,VD05
DB02,VD05
DB03,VD05
RID,VD05
RID,VD05
VA05,VD05
VA05,VD05
VA05,VD05
VA06,VD05
VB04,VD05
VC01,VD05
VC02,VD05
VC03,VD05
PVPR,VD05
VD04,VD05
VD06,VD05
AS06,VD06
AVAL,VD06
DA05,VD06
DA06,VD06
DB03,VD06
DB04,VD06
PVNR,VD06
VA06,VD06
VA06,VD06
VB05,VD06
VB05,VD06
VB06,VD06
VC01,VD06
VC02,VD06
VC03,VD06
VD05,VD06
VD07,VD06
PVNR,VD07
VA07,VD07
VA08,VD07
VB06,VD07
VC03,VD07
VA09,VD07
VD06,VD07
DD04,VD08
VA08,VD08
VA08,VD08
VA08,VD08
DD04,VD08
VA08,VD08
DD05,VD09
VA09,VD09
VB08,VD09
PDER,VD09
VD10,VD09
DD05,VD10
PVDL,VD10
VB08,VD10
VB09,VD10
VB09,VD10
AVBR,VD10
DD05,VD10
DVC,VD10
VD09,VD10
AVAR,VD11
AVFR,VD11
PDEL,VD11
VA11,VD11
VB10,VD11
VB10,VD11
AVL,VD12
PVNR,VD12
VA11,VD12
VA11,VD12
VA12,VD12
VA12,VD12
VB10,VD12
VB10,VD12
VB11,VD12
AS11,VD13
AVAR,VD13
AVAR,VD13
DA09,VD13
DB07,VD13
PDA,VD13
PDB,VD13
PDB,VD13
PVCL,VD13
PVCR,VD13
RID,VD13
VA12,VD13
VA12,VD13
PVPL,VD13
AS02,NMJ
AS03,NMJ
AS04,NMJ
AS05,NMJ
AS06,NMJ
AS09,NMJ
AS11,NMJ
AVFL,NMJ
AVFR,NMJ
AVKR,NMJ
AVKR,NMJ
AVL,NMJ
DA01,NMJ
DA02,NMJ
DA03,NMJ
DA04,NMJ
DA05,NMJ
DA06,NMJ
VC01,NMJ
VC03,NMJ
AS01,NMJ
DA09,NMJ
DB01,NMJ
DB02,NMJ
DB03,NMJ
DB04,NMJ
DD01,NMJ
DD02,NMJ
DD03,NMJ
DD05,NMJ
DD06,NMJ
DVB,NMJ
DVB,NMJ
HSNL,NMJ
HSNR,NMJ
HSNR,NMJ
IL1DL,NMJ
IL1DL,NMJ
IL1DR,NMJ
IL1DR,NMJ
IL1L,NMJ
IL1L,NMJ
IL1R,NMJ
IL1R,NMJ
IL1VL,NMJ
IL1VL,NMJ
IL1VR,NMJ
IL1VR,NMJ
PDA,NMJ
PDB,NMJ
PLNL,NMJ
PVNL,NMJ
PVNL,NMJ
PVNR,NMJ
PVNR,NMJ
RID,NMJ
RID,NMJ
RIML,NMJ
RIML,NMJ
RIMR,NMJ
RIMR,NMJ
RIVL,NMJ
RIVR,NMJ
RIVR,NMJ
RMDDL,NMJ
RMDDL,NMJ
RMDDR,NMJ
RMDL,NMJ
RMDL,NMJ
RMDR,NMJ
RMDR,NMJ
RMDVL,NMJ
RMDVL,NMJ
RMDVR,NMJ
RMDVR,NMJ
RMED,NMJ
RMEL,NMJ
RMER,NMJ
RMEV,NMJ
RMFL,NMJ
RMFL,NMJ
RMGL,NMJ
RMGL,NMJ
RMGR,NMJ
RMHL,NMJ
RMHL,NMJ
RMHR,NMJ
RMHR,NMJ
SMBDL,NMJ
SMBDL,NMJ
SMBDR,NMJ
SMBDR,NMJ
SMBVL,NMJ
SMBVL,NMJ
SMBVR,NMJ
SMBVR,NMJ
SMDDL,NMJ
SMDDL,NMJ
SMDDR,NMJ
SMDVL,NMJ
SMDVR,NMJ
SMDVR,NMJ
URADL,NMJ
URADL,NMJ
URADR,NMJ
URADR,NMJ
URAVL,NMJ
URAVL,NMJ
URAVR,NMJ
URAVR,NMJ
VA01,NMJ
VA02,NMJ
VA03,NMJ
VA04,NMJ
VA05,NMJ
VA06,NMJ
VA07,NMJ
VA08,NMJ
VA09,NMJ
VA11,NMJ
VA12,NMJ
VB01,NMJ
VB02,NMJ
VB03,NMJ
VB04,NMJ
VB05,NMJ
VB06,NMJ
VB07,NMJ
VB08,NMJ
VB09,NMJ
VB10,NMJ
VB11,NMJ
VC01,NMJ
VC02,NMJ
VC02,NMJ
VC03,NMJ
VC04,NMJ
VC04,NMJ
VC05,NMJ
VC06,NMJ
VD01,NMJ
VD02,NMJ
VD03,NMJ
VD04,NMJ
VD05,NMJ
VD06,NMJ
VD07,NMJ
VD08,NMJ
VD09,NMJ
VD10,NMJ
VD11,NMJ
VD12,NMJ
VD13,NMJ